SECTORS                           86        x82
CHANCE_OF_GROVE                   1         
NUMBER_OF_POLYS_PER_GROVE         150       
MAX_GROVE_TREES_PER_POLY          9         
CHANCE_OF_SINGLES                 3         
NUMBER_OF_SINGLES_PER_POLY        9         
CHANCE_OF_SHORE_SINGLES           3         
NUMBER_OF_SHORE_SINGLES_PER_POLY  9         
MAX_ELEVATION                     99999     
MIN_ELEVATION                     16        
MAX_SLOPE                         15        
MIN_SLOPE                         1         
MAX_SHORE_ELEVATION               30000     
MAX_SHORE_SLOPE                   15        
MIN_SHORE_SLOPE                   1         
DISSOLVE_TO_SOLID_RATIO           0         
MAX_TREES_PER_SECTOR              195       

Sector X x Z   Total Trees    Solid Trees    Dissolve Trees 

  0 x 0        197            197            0              
  1 x 0        199            199            0              
  2 x 0        196            196            0              
  3 x 0        198            198            0              
  4 x 0        199            199            0              
  5 x 0        198            198            0              
  6 x 0        198            198            0              
  7 x 0        196            196            0              
  8 x 0        198            198            0              
  9 x 0        196            196            0              
 10 x 0        197            197            0              
 11 x 0        198            198            0              
 12 x 0        196            196            0              
 13 x 0        196            196            0              
 14 x 0        199            199            0              
 15 x 0        196            196            0              
 16 x 0        199            199            0              
 17 x 0        199            199            0              
 18 x 0        199            199            0              
 19 x 0        196            196            0              
 20 x 0        197            197            0              
 21 x 0        199            199            0              
 22 x 0        196            196            0              
 23 x 0        199            199            0              
 24 x 0        196            196            0              
 25 x 0        197            197            0              
 26 x 0        197            197            0              
 27 x 0        199            199            0              
 28 x 0        198            198            0              
 29 x 0        198            198            0              
 30 x 0        197            197            0              
 31 x 0        196            196            0              
 32 x 0        198            198            0              
 33 x 0        196            196            0              
 34 x 0        198            198            0              
 35 x 0        199            199            0              
 36 x 0        198            198            0              
 37 x 0        196            196            0              
 38 x 0        196            196            0              
 39 x 0        197            197            0              
 40 x 0        199            199            0              
 41 x 0        196            196            0              
 42 x 0        197            197            0              
 43 x 0        197            197            0              
 44 x 0        198            198            0              
 45 x 0        196            196            0              
 46 x 0        196            196            0              
 47 x 0        196            196            0              
 48 x 0        197            197            0              
 49 x 0        196            196            0              
 50 x 0        199            199            0              
 51 x 0        197            197            0              
 52 x 0        198            198            0              
 53 x 0        198            198            0              
 54 x 0        196            196            0              
 55 x 0        196            196            0              
 56 x 0        196            196            0              
 57 x 0        197            197            0              
 58 x 0        198            198            0              
 59 x 0        196            196            0              
 60 x 0        197            197            0              
 61 x 0        197            197            0              
 62 x 0        60             60             0              
 63 x 0        196            196            0              
 64 x 0        198            198            0              
 65 x 0        196            196            0              
 66 x 0        198            198            0              
 67 x 0        198            198            0              
 68 x 0        196            196            0              
 69 x 0        197            197            0              
 70 x 0        196            196            0              
 71 x 0        196            196            0              
 72 x 0        198            198            0              
 73 x 0        198            198            0              
 74 x 0        196            196            0              
 75 x 0        197            197            0              
 76 x 0        196            196            0              
 77 x 0        197            197            0              
 78 x 0        196            196            0              
 79 x 0        196            196            0              
 80 x 0        198            198            0              
 81 x 0        196            196            0              
 82 x 0        41             41             0              
 83 x 0        198            198            0              
 84 x 0        197            197            0              
 85 x 0        199            199            0              
  0 x 1        198            198            0              
  1 x 1        197            197            0              
  2 x 1        196            196            0              
  3 x 1        198            198            0              
  4 x 1        198            198            0              
  5 x 1        196            196            0              
  6 x 1        199            199            0              
  7 x 1        199            199            0              
  8 x 1        196            196            0              
  9 x 1        197            197            0              
 10 x 1        197            197            0              
 11 x 1        196            196            0              
 12 x 1        198            198            0              
 13 x 1        198            198            0              
 14 x 1        198            198            0              
 15 x 1        198            198            0              
 16 x 1        197            197            0              
 17 x 1        196            196            0              
 18 x 1        197            197            0              
 19 x 1        198            198            0              
 20 x 1        196            196            0              
 21 x 1        198            198            0              
 22 x 1        198            198            0              
 23 x 1        196            196            0              
 24 x 1        197            197            0              
 25 x 1        197            197            0              
 26 x 1        198            198            0              
 27 x 1        196            196            0              
 28 x 1        198            198            0              
 29 x 1        196            196            0              
 30 x 1        196            196            0              
 31 x 1        199            199            0              
 32 x 1        197            197            0              
 33 x 1        199            199            0              
 34 x 1        199            199            0              
 35 x 1        197            197            0              
 36 x 1        200            200            0              
 37 x 1        196            196            0              
 38 x 1        196            196            0              
 39 x 1        196            196            0              
 40 x 1        197            197            0              
 41 x 1        196            196            0              
 42 x 1        196            196            0              
 43 x 1        196            196            0              
 44 x 1        197            197            0              
 45 x 1        199            199            0              
 46 x 1        196            196            0              
 47 x 1        196            196            0              
 48 x 1        196            196            0              
 49 x 1        197            197            0              
 50 x 1        197            197            0              
 51 x 1        196            196            0              
 52 x 1        198            198            0              
 53 x 1        196            196            0              
 54 x 1        196            196            0              
 55 x 1        199            199            0              
 56 x 1        197            197            0              
 57 x 1        199            199            0              
 58 x 1        197            197            0              
 59 x 1        197            197            0              
 60 x 1        196            196            0              
 61 x 1        197            197            0              
 62 x 1        196            196            0              
 63 x 1        76             76             0              
 64 x 1        163            163            0              
 65 x 1        197            197            0              
 66 x 1        197            197            0              
 67 x 1        196            196            0              
 68 x 1        196            196            0              
 69 x 1        198            198            0              
 70 x 1        196            196            0              
 71 x 1        197            197            0              
 72 x 1        198            198            0              
 73 x 1        196            196            0              
 74 x 1        199            199            0              
 75 x 1        198            198            0              
 76 x 1        199            199            0              
 77 x 1        196            196            0              
 78 x 1        198            198            0              
 79 x 1        198            198            0              
 80 x 1        197            197            0              
 81 x 1        199            199            0              
 82 x 1        197            197            0              
 83 x 1        39             39             0              
 84 x 1        197            197            0              
 85 x 1        198            198            0              
  0 x 2        199            199            0              
  1 x 2        197            197            0              
  2 x 2        196            196            0              
  3 x 2        196            196            0              
  4 x 2        198            198            0              
  5 x 2        196            196            0              
  6 x 2        196            196            0              
  7 x 2        199            199            0              
  8 x 2        199            199            0              
  9 x 2        197            197            0              
 10 x 2        199            199            0              
 11 x 2        196            196            0              
 12 x 2        199            199            0              
 13 x 2        196            196            0              
 14 x 2        197            197            0              
 15 x 2        196            196            0              
 16 x 2        197            197            0              
 17 x 2        196            196            0              
 18 x 2        199            199            0              
 19 x 2        196            196            0              
 20 x 2        198            198            0              
 21 x 2        196            196            0              
 22 x 2        197            197            0              
 23 x 2        197            197            0              
 24 x 2        197            197            0              
 25 x 2        198            198            0              
 26 x 2        197            197            0              
 27 x 2        199            199            0              
 28 x 2        197            197            0              
 29 x 2        198            198            0              
 30 x 2        198            198            0              
 31 x 2        197            197            0              
 32 x 2        199            199            0              
 33 x 2        199            199            0              
 34 x 2        197            197            0              
 35 x 2        197            197            0              
 36 x 2        197            197            0              
 37 x 2        199            199            0              
 38 x 2        196            196            0              
 39 x 2        197            197            0              
 40 x 2        198            198            0              
 41 x 2        198            198            0              
 42 x 2        199            199            0              
 43 x 2        196            196            0              
 44 x 2        196            196            0              
 45 x 2        197            197            0              
 46 x 2        197            197            0              
 47 x 2        196            196            0              
 48 x 2        197            197            0              
 49 x 2        199            199            0              
 50 x 2        196            196            0              
 51 x 2        196            196            0              
 52 x 2        196            196            0              
 53 x 2        197            197            0              
 54 x 2        197            197            0              
 55 x 2        199            199            0              
 56 x 2        198            198            0              
 57 x 2        199            199            0              
 58 x 2        197            197            0              
 59 x 2        199            199            0              
 60 x 2        197            197            0              
 61 x 2        199            199            0              
 62 x 2        196            196            0              
 63 x 2        200            200            0              
 64 x 2        57             57             0              
 65 x 2        167            167            0              
 66 x 2        196            196            0              
 67 x 2        198            198            0              
 68 x 2        198            198            0              
 69 x 2        198            198            0              
 70 x 2        199            199            0              
 71 x 2        198            198            0              
 72 x 2        197            197            0              
 73 x 2        196            196            0              
 74 x 2        196            196            0              
 75 x 2        24             24             0              
 76 x 2        11             11             0              
 77 x 2        18             18             0              
 78 x 2        46             46             0              
 79 x 2        27             27             0              
 80 x 2        63             63             0              
 81 x 2        199            199            0              
 82 x 2        197            197            0              
 83 x 2        75             75             0              
 84 x 2        186            186            0              
 85 x 2        197            197            0              
  0 x 3        196            196            0              
  1 x 3        197            197            0              
  2 x 3        198            198            0              
  3 x 3        197            197            0              
  4 x 3        198            198            0              
  5 x 3        197            197            0              
  6 x 3        196            196            0              
  7 x 3        198            198            0              
  8 x 3        198            198            0              
  9 x 3        198            198            0              
 10 x 3        199            199            0              
 11 x 3        197            197            0              
 12 x 3        197            197            0              
 13 x 3        197            197            0              
 14 x 3        196            196            0              
 15 x 3        198            198            0              
 16 x 3        196            196            0              
 17 x 3        197            197            0              
 18 x 3        200            200            0              
 19 x 3        196            196            0              
 20 x 3        198            198            0              
 21 x 3        199            199            0              
 22 x 3        196            196            0              
 23 x 3        198            198            0              
 24 x 3        198            198            0              
 25 x 3        196            196            0              
 26 x 3        198            198            0              
 27 x 3        198            198            0              
 28 x 3        197            197            0              
 29 x 3        198            198            0              
 30 x 3        196            196            0              
 31 x 3        196            196            0              
 32 x 3        198            198            0              
 33 x 3        197            197            0              
 34 x 3        199            199            0              
 35 x 3        196            196            0              
 36 x 3        197            197            0              
 37 x 3        197            197            0              
 38 x 3        198            198            0              
 39 x 3        198            198            0              
 40 x 3        197            197            0              
 41 x 3        198            198            0              
 42 x 3        197            197            0              
 43 x 3        199            199            0              
 44 x 3        196            196            0              
 45 x 3        196            196            0              
 46 x 3        196            196            0              
 47 x 3        197            197            0              
 48 x 3        196            196            0              
 49 x 3        197            197            0              
 50 x 3        197            197            0              
 51 x 3        199            199            0              
 52 x 3        174            174            0              
 53 x 3        199            199            0              
 54 x 3        196            196            0              
 55 x 3        196            196            0              
 56 x 3        196            196            0              
 57 x 3        199            199            0              
 58 x 3        196            196            0              
 59 x 3        198            198            0              
 60 x 3        199            199            0              
 61 x 3        199            199            0              
 62 x 3        196            196            0              
 63 x 3        199            199            0              
 64 x 3        196            196            0              
 65 x 3        146            146            0              
 66 x 3        71             71             0              
 67 x 3        198            198            0              
 68 x 3        196            196            0              
 69 x 3        196            196            0              
 70 x 3        196            196            0              
 71 x 3        198            198            0              
 72 x 3        36             36             0              
 73 x 3        15             15             0              
 74 x 3        8              8              0              
 76 x 3        3              3              0              
 77 x 3        61             61             0              
 78 x 3        31             31             0              
 80 x 3        35             35             0              
 81 x 3        79             79             0              
 82 x 3        166            166            0              
 83 x 3        155            155            0              
 84 x 3        90             90             0              
 85 x 3        196            196            0              
  0 x 4        196            196            0              
  1 x 4        198            198            0              
  2 x 4        198            198            0              
  3 x 4        199            199            0              
  4 x 4        197            197            0              
  5 x 4        196            196            0              
  6 x 4        198            198            0              
  7 x 4        196            196            0              
  8 x 4        197            197            0              
  9 x 4        198            198            0              
 10 x 4        198            198            0              
 11 x 4        196            196            0              
 12 x 4        199            199            0              
 13 x 4        197            197            0              
 14 x 4        198            198            0              
 15 x 4        198            198            0              
 16 x 4        196            196            0              
 17 x 4        198            198            0              
 18 x 4        198            198            0              
 19 x 4        198            198            0              
 20 x 4        198            198            0              
 21 x 4        199            199            0              
 22 x 4        197            197            0              
 23 x 4        196            196            0              
 24 x 4        197            197            0              
 25 x 4        188            188            0              
 26 x 4        199            199            0              
 27 x 4        196            196            0              
 28 x 4        196            196            0              
 29 x 4        196            196            0              
 30 x 4        199            199            0              
 31 x 4        196            196            0              
 32 x 4        197            197            0              
 33 x 4        196            196            0              
 34 x 4        200            200            0              
 35 x 4        199            199            0              
 36 x 4        198            198            0              
 37 x 4        199            199            0              
 38 x 4        200            200            0              
 39 x 4        199            199            0              
 40 x 4        198            198            0              
 41 x 4        196            196            0              
 42 x 4        197            197            0              
 43 x 4        196            196            0              
 44 x 4        196            196            0              
 45 x 4        198            198            0              
 46 x 4        196            196            0              
 47 x 4        198            198            0              
 48 x 4        197            197            0              
 49 x 4        196            196            0              
 50 x 4        197            197            0              
 51 x 4        196            196            0              
 52 x 4        198            198            0              
 53 x 4        196            196            0              
 54 x 4        196            196            0              
 55 x 4        196            196            0              
 56 x 4        197            197            0              
 57 x 4        198            198            0              
 58 x 4        196            196            0              
 59 x 4        198            198            0              
 60 x 4        198            198            0              
 61 x 4        197            197            0              
 62 x 4        197            197            0              
 63 x 4        199            199            0              
 64 x 4        196            196            0              
 65 x 4        197            197            0              
 66 x 4        196            196            0              
 67 x 4        178            178            0              
 68 x 4        53             53             0              
 71 x 4        8              8              0              
 72 x 4        49             49             0              
 73 x 4        89             89             0              
 74 x 4        19             19             0              
 75 x 4        5              5              0              
 76 x 4        77             77             0              
 77 x 4        52             52             0              
 78 x 4        9              9              0              
 81 x 4        120            120            0              
 82 x 4        187            187            0              
 83 x 4        199            199            0              
 84 x 4        69             69             0              
 85 x 4        197            197            0              
  0 x 5        196            196            0              
  1 x 5        198            198            0              
  2 x 5        198            198            0              
  3 x 5        153            153            0              
  4 x 5        196            196            0              
  6 x 5        196            196            0              
  7 x 5        197            197            0              
  8 x 5        198            198            0              
  9 x 5        197            197            0              
 10 x 5        198            198            0              
 11 x 5        198            198            0              
 12 x 5        196            196            0              
 13 x 5        198            198            0              
 14 x 5        198            198            0              
 15 x 5        199            199            0              
 16 x 5        198            198            0              
 17 x 5        196            196            0              
 18 x 5        198            198            0              
 19 x 5        199            199            0              
 20 x 5        196            196            0              
 21 x 5        198            198            0              
 22 x 5        200            200            0              
 23 x 5        196            196            0              
 24 x 5        197            197            0              
 25 x 5        196            196            0              
 26 x 5        197            197            0              
 27 x 5        199            199            0              
 28 x 5        198            198            0              
 29 x 5        198            198            0              
 30 x 5        196            196            0              
 31 x 5        198            198            0              
 32 x 5        197            197            0              
 33 x 5        198            198            0              
 34 x 5        200            200            0              
 35 x 5        196            196            0              
 36 x 5        196            196            0              
 37 x 5        197            197            0              
 38 x 5        196            196            0              
 39 x 5        198            198            0              
 40 x 5        197            197            0              
 41 x 5        197            197            0              
 42 x 5        197            197            0              
 43 x 5        197            197            0              
 44 x 5        196            196            0              
 45 x 5        196            196            0              
 46 x 5        196            196            0              
 47 x 5        197            197            0              
 48 x 5        198            198            0              
 49 x 5        197            197            0              
 50 x 5        197            197            0              
 51 x 5        198            198            0              
 52 x 5        198            198            0              
 53 x 5        140            140            0              
 54 x 5        198            198            0              
 55 x 5        198            198            0              
 56 x 5        198            198            0              
 57 x 5        197            197            0              
 58 x 5        197            197            0              
 59 x 5        198            198            0              
 60 x 5        199            199            0              
 61 x 5        197            197            0              
 62 x 5        198            198            0              
 63 x 5        196            196            0              
 64 x 5        199            199            0              
 65 x 5        196            196            0              
 66 x 5        196            196            0              
 67 x 5        195            195            0              
 68 x 5        178            178            0              
 70 x 5        44             44             0              
 71 x 5        131            131            0              
 72 x 5        91             91             0              
 73 x 5        198            198            0              
 74 x 5        198            198            0              
 75 x 5        114            114            0              
 76 x 5        196            196            0              
 77 x 5        196            196            0              
 78 x 5        123            123            0              
 79 x 5        10             10             0              
 80 x 5        122            122            0              
 81 x 5        144            144            0              
 82 x 5        198            198            0              
 83 x 5        196            196            0              
 84 x 5        170            170            0              
 85 x 5        199            199            0              
  0 x 6        198            198            0              
  1 x 6        197            197            0              
  2 x 6        199            199            0              
  3 x 6        188            188            0              
  4 x 6        196            196            0              
  6 x 6        196            196            0              
  7 x 6        197            197            0              
  8 x 6        197            197            0              
  9 x 6        197            197            0              
 10 x 6        199            199            0              
 11 x 6        197            197            0              
 12 x 6        196            196            0              
 13 x 6        196            196            0              
 14 x 6        198            198            0              
 15 x 6        197            197            0              
 16 x 6        198            198            0              
 17 x 6        198            198            0              
 18 x 6        199            199            0              
 19 x 6        197            197            0              
 20 x 6        198            198            0              
 21 x 6        197            197            0              
 22 x 6        198            198            0              
 23 x 6        197            197            0              
 24 x 6        199            199            0              
 25 x 6        198            198            0              
 26 x 6        198            198            0              
 27 x 6        198            198            0              
 28 x 6        197            197            0              
 29 x 6        197            197            0              
 30 x 6        199            199            0              
 31 x 6        196            196            0              
 32 x 6        196            196            0              
 33 x 6        196            196            0              
 34 x 6        196            196            0              
 35 x 6        198            198            0              
 36 x 6        198            198            0              
 37 x 6        198            198            0              
 38 x 6        197            197            0              
 40 x 6        196            196            0              
 41 x 6        196            196            0              
 42 x 6        198            198            0              
 43 x 6        200            200            0              
 44 x 6        196            196            0              
 45 x 6        196            196            0              
 46 x 6        196            196            0              
 47 x 6        196            196            0              
 48 x 6        199            199            0              
 49 x 6        197            197            0              
 50 x 6        196            196            0              
 51 x 6        198            198            0              
 52 x 6        198            198            0              
 53 x 6        198            198            0              
 54 x 6        198            198            0              
 55 x 6        197            197            0              
 56 x 6        199            199            0              
 57 x 6        198            198            0              
 58 x 6        196            196            0              
 59 x 6        197            197            0              
 60 x 6        196            196            0              
 61 x 6        199            199            0              
 62 x 6        197            197            0              
 63 x 6        198            198            0              
 64 x 6        198            198            0              
 65 x 6        199            199            0              
 66 x 6        198            198            0              
 67 x 6        196            196            0              
 68 x 6        197            197            0              
 69 x 6        197            197            0              
 70 x 6        196            196            0              
 71 x 6        199            199            0              
 72 x 6        199            199            0              
 73 x 6        196            196            0              
 74 x 6        197            197            0              
 75 x 6        196            196            0              
 76 x 6        196            196            0              
 77 x 6        199            199            0              
 78 x 6        197            197            0              
 79 x 6        197            197            0              
 80 x 6        198            198            0              
 81 x 6        131            131            0              
 82 x 6        100            100            0              
 83 x 6        83             83             0              
 84 x 6        180            180            0              
 85 x 6        60             60             0              
  0 x 7        197            197            0              
  1 x 7        196            196            0              
  2 x 7        196            196            0              
  3 x 7        197            197            0              
  4 x 7        109            109            0              
  5 x 7        197            197            0              
  6 x 7        196            196            0              
  7 x 7        198            198            0              
  8 x 7        198            198            0              
  9 x 7        197            197            0              
 10 x 7        199            199            0              
 11 x 7        196            196            0              
 12 x 7        196            196            0              
 13 x 7        198            198            0              
 14 x 7        196            196            0              
 15 x 7        190            190            0              
 16 x 7        197            197            0              
 17 x 7        198            198            0              
 18 x 7        198            198            0              
 19 x 7        196            196            0              
 20 x 7        198            198            0              
 21 x 7        198            198            0              
 22 x 7        196            196            0              
 23 x 7        198            198            0              
 24 x 7        196            196            0              
 25 x 7        197            197            0              
 26 x 7        197            197            0              
 27 x 7        198            198            0              
 28 x 7        197            197            0              
 29 x 7        196            196            0              
 30 x 7        196            196            0              
 31 x 7        198            198            0              
 32 x 7        198            198            0              
 33 x 7        197            197            0              
 34 x 7        198            198            0              
 35 x 7        197            197            0              
 36 x 7        199            199            0              
 37 x 7        197            197            0              
 38 x 7        197            197            0              
 39 x 7        196            196            0              
 40 x 7        196            196            0              
 41 x 7        196            196            0              
 42 x 7        198            198            0              
 43 x 7        196            196            0              
 44 x 7        196            196            0              
 45 x 7        198            198            0              
 46 x 7        199            199            0              
 47 x 7        196            196            0              
 48 x 7        198            198            0              
 49 x 7        196            196            0              
 50 x 7        199            199            0              
 51 x 7        196            196            0              
 52 x 7        197            197            0              
 53 x 7        199            199            0              
 54 x 7        198            198            0              
 55 x 7        198            198            0              
 56 x 7        196            196            0              
 57 x 7        197            197            0              
 58 x 7        199            199            0              
 59 x 7        196            196            0              
 60 x 7        196            196            0              
 61 x 7        198            198            0              
 62 x 7        199            199            0              
 63 x 7        198            198            0              
 64 x 7        196            196            0              
 65 x 7        196            196            0              
 66 x 7        197            197            0              
 67 x 7        197            197            0              
 68 x 7        196            196            0              
 69 x 7        197            197            0              
 70 x 7        197            197            0              
 71 x 7        196            196            0              
 72 x 7        198            198            0              
 73 x 7        200            200            0              
 74 x 7        198            198            0              
 75 x 7        197            197            0              
 76 x 7        199            199            0              
 77 x 7        199            199            0              
 78 x 7        199            199            0              
 79 x 7        199            199            0              
 80 x 7        198            198            0              
 81 x 7        168            168            0              
 82 x 7        164            164            0              
 83 x 7        138            138            0              
 84 x 7        38             38             0              
 85 x 7        53             53             0              
  0 x 8        198            198            0              
  1 x 8        196            196            0              
  2 x 8        196            196            0              
  3 x 8        198            198            0              
  4 x 8        100            100            0              
  5 x 8        196            196            0              
  6 x 8        198            198            0              
  7 x 8        198            198            0              
  8 x 8        197            197            0              
  9 x 8        200            200            0              
 10 x 8        196            196            0              
 11 x 8        196            196            0              
 12 x 8        199            199            0              
 13 x 8        197            197            0              
 14 x 8        197            197            0              
 15 x 8        144            144            0              
 16 x 8        94             94             0              
 17 x 8        198            198            0              
 18 x 8        197            197            0              
 19 x 8        197            197            0              
 20 x 8        196            196            0              
 21 x 8        199            199            0              
 22 x 8        196            196            0              
 23 x 8        199            199            0              
 24 x 8        197            197            0              
 25 x 8        197            197            0              
 26 x 8        199            199            0              
 27 x 8        197            197            0              
 28 x 8        198            198            0              
 29 x 8        198            198            0              
 30 x 8        196            196            0              
 31 x 8        196            196            0              
 32 x 8        196            196            0              
 33 x 8        197            197            0              
 34 x 8        196            196            0              
 35 x 8        199            199            0              
 36 x 8        197            197            0              
 37 x 8        198            198            0              
 38 x 8        199            199            0              
 39 x 8        197            197            0              
 40 x 8        198            198            0              
 41 x 8        198            198            0              
 42 x 8        197            197            0              
 43 x 8        198            198            0              
 44 x 8        198            198            0              
 45 x 8        196            196            0              
 46 x 8        197            197            0              
 47 x 8        196            196            0              
 48 x 8        199            199            0              
 49 x 8        196            196            0              
 50 x 8        199            199            0              
 51 x 8        196            196            0              
 52 x 8        198            198            0              
 53 x 8        197            197            0              
 54 x 8        196            196            0              
 55 x 8        196            196            0              
 56 x 8        197            197            0              
 57 x 8        196            196            0              
 58 x 8        199            199            0              
 59 x 8        198            198            0              
 60 x 8        198            198            0              
 61 x 8        199            199            0              
 62 x 8        198            198            0              
 63 x 8        196            196            0              
 64 x 8        196            196            0              
 65 x 8        196            196            0              
 66 x 8        196            196            0              
 67 x 8        198            198            0              
 68 x 8        197            197            0              
 69 x 8        198            198            0              
 70 x 8        196            196            0              
 71 x 8        198            198            0              
 72 x 8        199            199            0              
 73 x 8        197            197            0              
 74 x 8        196            196            0              
 75 x 8        199            199            0              
 76 x 8        198            198            0              
 77 x 8        197            197            0              
 78 x 8        196            196            0              
 79 x 8        196            196            0              
 80 x 8        196            196            0              
 81 x 8        84             84             0              
 82 x 8        152            152            0              
 83 x 8        76             76             0              
 84 x 8        114            114            0              
 85 x 8        33             33             0              
  0 x 9        199            199            0              
  1 x 9        199            199            0              
  2 x 9        198            198            0              
  3 x 9        196            196            0              
  4 x 9        179            179            0              
  5 x 9        196            196            0              
  6 x 9        198            198            0              
  7 x 9        198            198            0              
  8 x 9        197            197            0              
  9 x 9        199            199            0              
 10 x 9        196            196            0              
 11 x 9        196            196            0              
 12 x 9        196            196            0              
 13 x 9        197            197            0              
 14 x 9        196            196            0              
 15 x 9        51             51             0              
 16 x 9        99             99             0              
 17 x 9        199            199            0              
 18 x 9        197            197            0              
 19 x 9        198            198            0              
 20 x 9        198            198            0              
 21 x 9        196            196            0              
 22 x 9        196            196            0              
 23 x 9        196            196            0              
 24 x 9        196            196            0              
 25 x 9        196            196            0              
 26 x 9        197            197            0              
 27 x 9        196            196            0              
 28 x 9        196            196            0              
 29 x 9        200            200            0              
 30 x 9        196            196            0              
 31 x 9        197            197            0              
 32 x 9        198            198            0              
 33 x 9        198            198            0              
 34 x 9        196            196            0              
 35 x 9        196            196            0              
 36 x 9        196            196            0              
 37 x 9        198            198            0              
 38 x 9        196            196            0              
 39 x 9        197            197            0              
 40 x 9        197            197            0              
 41 x 9        198            198            0              
 42 x 9        198            198            0              
 43 x 9        197            197            0              
 44 x 9        197            197            0              
 45 x 9        197            197            0              
 46 x 9        196            196            0              
 47 x 9        196            196            0              
 48 x 9        196            196            0              
 49 x 9        198            198            0              
 50 x 9        196            196            0              
 51 x 9        196            196            0              
 52 x 9        198            198            0              
 53 x 9        196            196            0              
 54 x 9        199            199            0              
 55 x 9        197            197            0              
 56 x 9        197            197            0              
 57 x 9        199            199            0              
 58 x 9        196            196            0              
 59 x 9        197            197            0              
 60 x 9        197            197            0              
 61 x 9        200            200            0              
 62 x 9        198            198            0              
 63 x 9        197            197            0              
 64 x 9        197            197            0              
 65 x 9        197            197            0              
 66 x 9        197            197            0              
 67 x 9        197            197            0              
 68 x 9        198            198            0              
 69 x 9        196            196            0              
 70 x 9        199            199            0              
 71 x 9        196            196            0              
 72 x 9        198            198            0              
 73 x 9        199            199            0              
 74 x 9        199            199            0              
 75 x 9        198            198            0              
 76 x 9        196            196            0              
 77 x 9        198            198            0              
 78 x 9        198            198            0              
 79 x 9        199            199            0              
 80 x 9        196            196            0              
 81 x 9        102            102            0              
 82 x 9        184            184            0              
 83 x 9        145            145            0              
 84 x 9        197            197            0              
 85 x 9        77             77             0              
  0 x 10       196            196            0              
  1 x 10       197            197            0              
  2 x 10       198            198            0              
  3 x 10       199            199            0              
  4 x 10       197            197            0              
  5 x 10       197            197            0              
  6 x 10       196            196            0              
  7 x 10       199            199            0              
  8 x 10       196            196            0              
  9 x 10       198            198            0              
 10 x 10       198            198            0              
 11 x 10       198            198            0              
 12 x 10       197            197            0              
 13 x 10       196            196            0              
 14 x 10       196            196            0              
 15 x 10       196            196            0              
 16 x 10       197            197            0              
 17 x 10       197            197            0              
 18 x 10       198            198            0              
 19 x 10       196            196            0              
 20 x 10       196            196            0              
 21 x 10       197            197            0              
 22 x 10       196            196            0              
 23 x 10       198            198            0              
 24 x 10       197            197            0              
 25 x 10       197            197            0              
 26 x 10       198            198            0              
 27 x 10       196            196            0              
 28 x 10       198            198            0              
 29 x 10       197            197            0              
 30 x 10       196            196            0              
 31 x 10       197            197            0              
 32 x 10       197            197            0              
 33 x 10       179            179            0              
 34 x 10       198            198            0              
 35 x 10       196            196            0              
 36 x 10       197            197            0              
 37 x 10       198            198            0              
 38 x 10       197            197            0              
 39 x 10       196            196            0              
 40 x 10       196            196            0              
 41 x 10       197            197            0              
 42 x 10       197            197            0              
 43 x 10       197            197            0              
 44 x 10       196            196            0              
 45 x 10       198            198            0              
 46 x 10       198            198            0              
 47 x 10       196            196            0              
 48 x 10       199            199            0              
 49 x 10       196            196            0              
 50 x 10       196            196            0              
 51 x 10       197            197            0              
 52 x 10       200            200            0              
 53 x 10       191            191            0              
 54 x 10       196            196            0              
 55 x 10       199            199            0              
 56 x 10       197            197            0              
 57 x 10       197            197            0              
 58 x 10       197            197            0              
 59 x 10       197            197            0              
 60 x 10       197            197            0              
 61 x 10       197            197            0              
 62 x 10       198            198            0              
 63 x 10       197            197            0              
 64 x 10       196            196            0              
 65 x 10       198            198            0              
 66 x 10       197            197            0              
 67 x 10       198            198            0              
 68 x 10       196            196            0              
 69 x 10       198            198            0              
 70 x 10       196            196            0              
 71 x 10       197            197            0              
 72 x 10       197            197            0              
 73 x 10       196            196            0              
 74 x 10       196            196            0              
 75 x 10       197            197            0              
 76 x 10       197            197            0              
 77 x 10       196            196            0              
 78 x 10       197            197            0              
 79 x 10       198            198            0              
 80 x 10       196            196            0              
 81 x 10       197            197            0              
 82 x 10       197            197            0              
 83 x 10       198            198            0              
 84 x 10       198            198            0              
 85 x 10       199            199            0              
  0 x 11       198            198            0              
  1 x 11       196            196            0              
  2 x 11       196            196            0              
  3 x 11       198            198            0              
  4 x 11       198            198            0              
  5 x 11       198            198            0              
  6 x 11       197            197            0              
  7 x 11       199            199            0              
  8 x 11       196            196            0              
  9 x 11       196            196            0              
 10 x 11       196            196            0              
 11 x 11       196            196            0              
 12 x 11       196            196            0              
 13 x 11       199            199            0              
 14 x 11       198            198            0              
 15 x 11       196            196            0              
 16 x 11       197            197            0              
 17 x 11       196            196            0              
 18 x 11       197            197            0              
 19 x 11       198            198            0              
 20 x 11       196            196            0              
 21 x 11       198            198            0              
 22 x 11       196            196            0              
 23 x 11       199            199            0              
 24 x 11       196            196            0              
 25 x 11       197            197            0              
 26 x 11       199            199            0              
 27 x 11       197            197            0              
 28 x 11       198            198            0              
 29 x 11       198            198            0              
 30 x 11       197            197            0              
 31 x 11       197            197            0              
 32 x 11       133            133            0              
 33 x 11       160            160            0              
 34 x 11       140            140            0              
 35 x 11       196            196            0              
 36 x 11       199            199            0              
 37 x 11       198            198            0              
 38 x 11       197            197            0              
 39 x 11       197            197            0              
 40 x 11       196            196            0              
 41 x 11       196            196            0              
 42 x 11       190            190            0              
 43 x 11       197            197            0              
 44 x 11       199            199            0              
 45 x 11       197            197            0              
 46 x 11       198            198            0              
 47 x 11       200            200            0              
 48 x 11       196            196            0              
 49 x 11       199            199            0              
 50 x 11       198            198            0              
 51 x 11       197            197            0              
 52 x 11       196            196            0              
 53 x 11       199            199            0              
 54 x 11       196            196            0              
 55 x 11       196            196            0              
 56 x 11       199            199            0              
 57 x 11       197            197            0              
 58 x 11       198            198            0              
 59 x 11       196            196            0              
 60 x 11       197            197            0              
 61 x 11       196            196            0              
 62 x 11       198            198            0              
 63 x 11       196            196            0              
 64 x 11       199            199            0              
 65 x 11       196            196            0              
 66 x 11       197            197            0              
 67 x 11       196            196            0              
 68 x 11       198            198            0              
 69 x 11       196            196            0              
 70 x 11       197            197            0              
 71 x 11       196            196            0              
 72 x 11       196            196            0              
 73 x 11       198            198            0              
 74 x 11       197            197            0              
 75 x 11       198            198            0              
 76 x 11       199            199            0              
 77 x 11       199            199            0              
 78 x 11       197            197            0              
 79 x 11       197            197            0              
 80 x 11       199            199            0              
 81 x 11       196            196            0              
 82 x 11       182            182            0              
 83 x 11       196            196            0              
 84 x 11       197            197            0              
 85 x 11       196            196            0              
  0 x 12       196            196            0              
  1 x 12       198            198            0              
  2 x 12       197            197            0              
  3 x 12       197            197            0              
  4 x 12       198            198            0              
  5 x 12       198            198            0              
  6 x 12       198            198            0              
  7 x 12       198            198            0              
  8 x 12       196            196            0              
  9 x 12       196            196            0              
 10 x 12       197            197            0              
 11 x 12       196            196            0              
 12 x 12       196            196            0              
 13 x 12       196            196            0              
 14 x 12       196            196            0              
 15 x 12       198            198            0              
 16 x 12       197            197            0              
 17 x 12       196            196            0              
 18 x 12       198            198            0              
 19 x 12       199            199            0              
 20 x 12       197            197            0              
 21 x 12       198            198            0              
 22 x 12       197            197            0              
 23 x 12       197            197            0              
 24 x 12       199            199            0              
 25 x 12       198            198            0              
 26 x 12       196            196            0              
 27 x 12       198            198            0              
 28 x 12       198            198            0              
 29 x 12       197            197            0              
 30 x 12       197            197            0              
 31 x 12       196            196            0              
 32 x 12       197            197            0              
 33 x 12       196            196            0              
 34 x 12       182            182            0              
 35 x 12       196            196            0              
 36 x 12       196            196            0              
 37 x 12       200            200            0              
 38 x 12       198            198            0              
 39 x 12       199            199            0              
 40 x 12       198            198            0              
 41 x 12       197            197            0              
 42 x 12       124            124            0              
 43 x 12       185            185            0              
 44 x 12       198            198            0              
 45 x 12       197            197            0              
 46 x 12       198            198            0              
 47 x 12       198            198            0              
 48 x 12       196            196            0              
 49 x 12       197            197            0              
 50 x 12       199            199            0              
 51 x 12       197            197            0              
 52 x 12       197            197            0              
 53 x 12       197            197            0              
 54 x 12       200            200            0              
 55 x 12       196            196            0              
 56 x 12       197            197            0              
 57 x 12       197            197            0              
 58 x 12       196            196            0              
 59 x 12       196            196            0              
 60 x 12       199            199            0              
 61 x 12       198            198            0              
 62 x 12       196            196            0              
 63 x 12       198            198            0              
 64 x 12       199            199            0              
 65 x 12       196            196            0              
 66 x 12       198            198            0              
 67 x 12       197            197            0              
 68 x 12       196            196            0              
 69 x 12       199            199            0              
 70 x 12       196            196            0              
 71 x 12       196            196            0              
 72 x 12       198            198            0              
 73 x 12       196            196            0              
 74 x 12       198            198            0              
 75 x 12       197            197            0              
 76 x 12       197            197            0              
 77 x 12       198            198            0              
 78 x 12       197            197            0              
 79 x 12       198            198            0              
 80 x 12       198            198            0              
 81 x 12       196            196            0              
 82 x 12       159            159            0              
 83 x 12       197            197            0              
 84 x 12       198            198            0              
 85 x 12       197            197            0              
  0 x 13       196            196            0              
  1 x 13       196            196            0              
  2 x 13       197            197            0              
  3 x 13       196            196            0              
  4 x 13       171            171            0              
  5 x 13       198            198            0              
  6 x 13       197            197            0              
  7 x 13       197            197            0              
  8 x 13       199            199            0              
  9 x 13       196            196            0              
 10 x 13       196            196            0              
 11 x 13       196            196            0              
 12 x 13       197            197            0              
 13 x 13       197            197            0              
 14 x 13       196            196            0              
 15 x 13       197            197            0              
 16 x 13       199            199            0              
 17 x 13       197            197            0              
 18 x 13       197            197            0              
 19 x 13       196            196            0              
 20 x 13       196            196            0              
 21 x 13       197            197            0              
 22 x 13       199            199            0              
 23 x 13       196            196            0              
 24 x 13       198            198            0              
 25 x 13       198            198            0              
 26 x 13       196            196            0              
 27 x 13       196            196            0              
 28 x 13       198            198            0              
 29 x 13       196            196            0              
 30 x 13       196            196            0              
 31 x 13       197            197            0              
 32 x 13       142            142            0              
 33 x 13       199            199            0              
 34 x 13       196            196            0              
 35 x 13       199            199            0              
 36 x 13       110            110            0              
 37 x 13       196            196            0              
 38 x 13       196            196            0              
 39 x 13       198            198            0              
 40 x 13       197            197            0              
 41 x 13       199            199            0              
 42 x 13       155            155            0              
 43 x 13       135            135            0              
 44 x 13       196            196            0              
 45 x 13       196            196            0              
 46 x 13       197            197            0              
 47 x 13       198            198            0              
 48 x 13       196            196            0              
 49 x 13       198            198            0              
 50 x 13       196            196            0              
 51 x 13       197            197            0              
 52 x 13       197            197            0              
 53 x 13       198            198            0              
 54 x 13       196            196            0              
 55 x 13       197            197            0              
 56 x 13       196            196            0              
 57 x 13       196            196            0              
 58 x 13       197            197            0              
 59 x 13       199            199            0              
 60 x 13       197            197            0              
 61 x 13       197            197            0              
 62 x 13       198            198            0              
 63 x 13       196            196            0              
 64 x 13       198            198            0              
 65 x 13       197            197            0              
 66 x 13       197            197            0              
 67 x 13       198            198            0              
 68 x 13       196            196            0              
 69 x 13       199            199            0              
 70 x 13       198            198            0              
 71 x 13       198            198            0              
 72 x 13       196            196            0              
 73 x 13       196            196            0              
 74 x 13       197            197            0              
 75 x 13       200            200            0              
 76 x 13       196            196            0              
 77 x 13       196            196            0              
 78 x 13       197            197            0              
 79 x 13       198            198            0              
 80 x 13       200            200            0              
 81 x 13       199            199            0              
 82 x 13       198            198            0              
 83 x 13       197            197            0              
 84 x 13       199            199            0              
 85 x 13       198            198            0              
  0 x 14       199            199            0              
  1 x 14       198            198            0              
  2 x 14       198            198            0              
  3 x 14       196            196            0              
  4 x 14       198            198            0              
  5 x 14       196            196            0              
  6 x 14       196            196            0              
  7 x 14       196            196            0              
  8 x 14       198            198            0              
  9 x 14       197            197            0              
 10 x 14       199            199            0              
 11 x 14       196            196            0              
 12 x 14       196            196            0              
 13 x 14       196            196            0              
 14 x 14       196            196            0              
 15 x 14       197            197            0              
 16 x 14       199            199            0              
 17 x 14       145            145            0              
 18 x 14       197            197            0              
 19 x 14       196            196            0              
 20 x 14       196            196            0              
 21 x 14       196            196            0              
 22 x 14       197            197            0              
 23 x 14       196            196            0              
 24 x 14       199            199            0              
 25 x 14       198            198            0              
 26 x 14       197            197            0              
 27 x 14       199            199            0              
 28 x 14       196            196            0              
 29 x 14       197            197            0              
 30 x 14       196            196            0              
 31 x 14       197            197            0              
 32 x 14       197            197            0              
 33 x 14       198            198            0              
 34 x 14       196            196            0              
 35 x 14       122            122            0              
 36 x 14       199            199            0              
 37 x 14       196            196            0              
 38 x 14       138            138            0              
 39 x 14       196            196            0              
 40 x 14       196            196            0              
 41 x 14       196            196            0              
 42 x 14       197            197            0              
 43 x 14       167            167            0              
 44 x 14       169            169            0              
 45 x 14       199            199            0              
 46 x 14       198            198            0              
 47 x 14       197            197            0              
 48 x 14       198            198            0              
 49 x 14       197            197            0              
 50 x 14       196            196            0              
 51 x 14       198            198            0              
 52 x 14       196            196            0              
 53 x 14       196            196            0              
 54 x 14       198            198            0              
 55 x 14       159            159            0              
 56 x 14       198            198            0              
 57 x 14       179            179            0              
 58 x 14       158            158            0              
 59 x 14       153            153            0              
 60 x 14       197            197            0              
 61 x 14       182            182            0              
 62 x 14       147            147            0              
 63 x 14       198            198            0              
 64 x 14       197            197            0              
 65 x 14       199            199            0              
 66 x 14       199            199            0              
 67 x 14       196            196            0              
 68 x 14       196            196            0              
 69 x 14       197            197            0              
 70 x 14       198            198            0              
 71 x 14       198            198            0              
 72 x 14       196            196            0              
 73 x 14       199            199            0              
 74 x 14       196            196            0              
 75 x 14       196            196            0              
 76 x 14       198            198            0              
 77 x 14       198            198            0              
 78 x 14       196            196            0              
 79 x 14       199            199            0              
 80 x 14       198            198            0              
 81 x 14       198            198            0              
 82 x 14       196            196            0              
 83 x 14       198            198            0              
 84 x 14       196            196            0              
 85 x 14       198            198            0              
  0 x 15       196            196            0              
  1 x 15       196            196            0              
  2 x 15       196            196            0              
  3 x 15       196            196            0              
  4 x 15       200            200            0              
  5 x 15       197            197            0              
  6 x 15       196            196            0              
  7 x 15       197            197            0              
  8 x 15       196            196            0              
  9 x 15       197            197            0              
 10 x 15       197            197            0              
 11 x 15       196            196            0              
 12 x 15       196            196            0              
 13 x 15       197            197            0              
 14 x 15       180            180            0              
 15 x 15       196            196            0              
 16 x 15       196            196            0              
 17 x 15       196            196            0              
 18 x 15       162            162            0              
 19 x 15       196            196            0              
 20 x 15       197            197            0              
 21 x 15       196            196            0              
 22 x 15       196            196            0              
 23 x 15       198            198            0              
 24 x 15       197            197            0              
 25 x 15       198            198            0              
 26 x 15       198            198            0              
 27 x 15       198            198            0              
 28 x 15       198            198            0              
 29 x 15       197            197            0              
 30 x 15       193            193            0              
 31 x 15       193            193            0              
 32 x 15       197            197            0              
 33 x 15       196            196            0              
 34 x 15       196            196            0              
 35 x 15       196            196            0              
 36 x 15       196            196            0              
 37 x 15       199            199            0              
 38 x 15       198            198            0              
 39 x 15       197            197            0              
 40 x 15       197            197            0              
 41 x 15       196            196            0              
 42 x 15       159            159            0              
 43 x 15       156            156            0              
 44 x 15       196            196            0              
 45 x 15       196            196            0              
 46 x 15       197            197            0              
 47 x 15       197            197            0              
 48 x 15       196            196            0              
 49 x 15       199            199            0              
 50 x 15       196            196            0              
 51 x 15       197            197            0              
 52 x 15       196            196            0              
 53 x 15       199            199            0              
 54 x 15       185            185            0              
 55 x 15       183            183            0              
 56 x 15       168            168            0              
 57 x 15       197            197            0              
 58 x 15       197            197            0              
 59 x 15       199            199            0              
 60 x 15       140            140            0              
 61 x 15       200            200            0              
 62 x 15       170            170            0              
 63 x 15       198            198            0              
 64 x 15       197            197            0              
 65 x 15       199            199            0              
 66 x 15       198            198            0              
 67 x 15       181            181            0              
 68 x 15       197            197            0              
 69 x 15       197            197            0              
 70 x 15       198            198            0              
 71 x 15       199            199            0              
 72 x 15       197            197            0              
 73 x 15       172            172            0              
 74 x 15       197            197            0              
 75 x 15       199            199            0              
 76 x 15       196            196            0              
 77 x 15       199            199            0              
 78 x 15       199            199            0              
 79 x 15       198            198            0              
 80 x 15       198            198            0              
 81 x 15       196            196            0              
 82 x 15       196            196            0              
 83 x 15       196            196            0              
 84 x 15       198            198            0              
 85 x 15       197            197            0              
  0 x 16       197            197            0              
  1 x 16       184            184            0              
  2 x 16       199            199            0              
  3 x 16       196            196            0              
  4 x 16       126            126            0              
  5 x 16       196            196            0              
  6 x 16       197            197            0              
  7 x 16       197            197            0              
  8 x 16       197            197            0              
  9 x 16       199            199            0              
 10 x 16       196            196            0              
 11 x 16       196            196            0              
 12 x 16       197            197            0              
 13 x 16       196            196            0              
 14 x 16       199            199            0              
 15 x 16       199            199            0              
 16 x 16       197            197            0              
 17 x 16       186            186            0              
 18 x 16       196            196            0              
 19 x 16       197            197            0              
 20 x 16       197            197            0              
 21 x 16       196            196            0              
 25 x 16       199            199            0              
 26 x 16       196            196            0              
 27 x 16       198            198            0              
 28 x 16       196            196            0              
 29 x 16       200            200            0              
 30 x 16       198            198            0              
 31 x 16       198            198            0              
 32 x 16       196            196            0              
 33 x 16       196            196            0              
 34 x 16       199            199            0              
 35 x 16       196            196            0              
 36 x 16       196            196            0              
 37 x 16       196            196            0              
 38 x 16       198            198            0              
 39 x 16       198            198            0              
 40 x 16       197            197            0              
 41 x 16       198            198            0              
 42 x 16       196            196            0              
 43 x 16       148            148            0              
 44 x 16       184            184            0              
 45 x 16       196            196            0              
 46 x 16       196            196            0              
 47 x 16       198            198            0              
 48 x 16       198            198            0              
 49 x 16       197            197            0              
 50 x 16       196            196            0              
 51 x 16       196            196            0              
 52 x 16       196            196            0              
 53 x 16       197            197            0              
 54 x 16       198            198            0              
 55 x 16       162            162            0              
 56 x 16       198            198            0              
 57 x 16       197            197            0              
 58 x 16       198            198            0              
 59 x 16       196            196            0              
 60 x 16       198            198            0              
 61 x 16       198            198            0              
 62 x 16       196            196            0              
 63 x 16       197            197            0              
 64 x 16       196            196            0              
 65 x 16       197            197            0              
 66 x 16       196            196            0              
 67 x 16       193            193            0              
 68 x 16       197            197            0              
 69 x 16       197            197            0              
 70 x 16       196            196            0              
 71 x 16       190            190            0              
 72 x 16       171            171            0              
 73 x 16       197            197            0              
 74 x 16       196            196            0              
 75 x 16       196            196            0              
 76 x 16       198            198            0              
 77 x 16       196            196            0              
 78 x 16       199            199            0              
 79 x 16       199            199            0              
 80 x 16       197            197            0              
 81 x 16       199            199            0              
 82 x 16       198            198            0              
 83 x 16       198            198            0              
 84 x 16       196            196            0              
 85 x 16       198            198            0              
  0 x 17       196            196            0              
  1 x 17       126            126            0              
  2 x 17       198            198            0              
  3 x 17       196            196            0              
  4 x 17       198            198            0              
  5 x 17       196            196            0              
  6 x 17       196            196            0              
  7 x 17       196            196            0              
  8 x 17       198            198            0              
  9 x 17       196            196            0              
 10 x 17       198            198            0              
 11 x 17       197            197            0              
 12 x 17       198            198            0              
 13 x 17       198            198            0              
 14 x 17       156            156            0              
 15 x 17       196            196            0              
 16 x 17       196            196            0              
 17 x 17       199            199            0              
 18 x 17       199            199            0              
 19 x 17       197            197            0              
 20 x 17       197            197            0              
 21 x 17       198            198            0              
 22 x 17       196            196            0              
 23 x 17       140            140            0              
 24 x 17       165            165            0              
 25 x 17       197            197            0              
 26 x 17       197            197            0              
 27 x 17       196            196            0              
 28 x 17       196            196            0              
 29 x 17       196            196            0              
 30 x 17       197            197            0              
 31 x 17       199            199            0              
 32 x 17       197            197            0              
 33 x 17       197            197            0              
 34 x 17       197            197            0              
 35 x 17       199            199            0              
 36 x 17       197            197            0              
 37 x 17       196            196            0              
 38 x 17       196            196            0              
 39 x 17       197            197            0              
 40 x 17       196            196            0              
 41 x 17       199            199            0              
 42 x 17       197            197            0              
 43 x 17       196            196            0              
 44 x 17       159            159            0              
 45 x 17       196            196            0              
 46 x 17       196            196            0              
 47 x 17       197            197            0              
 48 x 17       198            198            0              
 49 x 17       197            197            0              
 50 x 17       196            196            0              
 51 x 17       197            197            0              
 52 x 17       197            197            0              
 53 x 17       196            196            0              
 54 x 17       199            199            0              
 55 x 17       197            197            0              
 56 x 17       197            197            0              
 57 x 17       199            199            0              
 58 x 17       196            196            0              
 59 x 17       198            198            0              
 60 x 17       198            198            0              
 61 x 17       198            198            0              
 62 x 17       199            199            0              
 63 x 17       197            197            0              
 64 x 17       198            198            0              
 65 x 17       198            198            0              
 66 x 17       196            196            0              
 67 x 17       198            198            0              
 68 x 17       197            197            0              
 69 x 17       198            198            0              
 70 x 17       197            197            0              
 71 x 17       196            196            0              
 72 x 17       196            196            0              
 73 x 17       188            188            0              
 74 x 17       198            198            0              
 75 x 17       196            196            0              
 76 x 17       197            197            0              
 77 x 17       198            198            0              
 78 x 17       198            198            0              
 79 x 17       199            199            0              
 80 x 17       197            197            0              
 81 x 17       197            197            0              
 82 x 17       196            196            0              
 83 x 17       199            199            0              
 84 x 17       196            196            0              
 85 x 17       198            198            0              
  0 x 18       197            197            0              
  1 x 18       116            116            0              
  2 x 18       146            146            0              
  3 x 18       152            152            0              
  4 x 18       197            197            0              
  5 x 18       196            196            0              
  6 x 18       197            197            0              
  7 x 18       197            197            0              
  8 x 18       196            196            0              
  9 x 18       119            119            0              
 10 x 18       95             95             0              
 11 x 18       190            190            0              
 12 x 18       196            196            0              
 13 x 18       198            198            0              
 14 x 18       199            199            0              
 15 x 18       197            197            0              
 16 x 18       196            196            0              
 17 x 18       199            199            0              
 18 x 18       197            197            0              
 19 x 18       197            197            0              
 20 x 18       197            197            0              
 21 x 18       198            198            0              
 22 x 18       196            196            0              
 23 x 18       196            196            0              
 24 x 18       197            197            0              
 25 x 18       198            198            0              
 26 x 18       200            200            0              
 27 x 18       198            198            0              
 28 x 18       196            196            0              
 29 x 18       198            198            0              
 30 x 18       196            196            0              
 31 x 18       198            198            0              
 32 x 18       198            198            0              
 33 x 18       196            196            0              
 34 x 18       197            197            0              
 35 x 18       197            197            0              
 36 x 18       198            198            0              
 37 x 18       197            197            0              
 38 x 18       197            197            0              
 39 x 18       199            199            0              
 40 x 18       197            197            0              
 41 x 18       197            197            0              
 42 x 18       198            198            0              
 43 x 18       197            197            0              
 44 x 18       196            196            0              
 45 x 18       199            199            0              
 46 x 18       181            181            0              
 47 x 18       199            199            0              
 48 x 18       197            197            0              
 49 x 18       196            196            0              
 50 x 18       198            198            0              
 51 x 18       199            199            0              
 52 x 18       196            196            0              
 53 x 18       198            198            0              
 54 x 18       196            196            0              
 55 x 18       196            196            0              
 56 x 18       199            199            0              
 57 x 18       197            197            0              
 58 x 18       197            197            0              
 59 x 18       196            196            0              
 60 x 18       196            196            0              
 61 x 18       197            197            0              
 62 x 18       199            199            0              
 63 x 18       197            197            0              
 64 x 18       198            198            0              
 65 x 18       199            199            0              
 66 x 18       197            197            0              
 67 x 18       199            199            0              
 68 x 18       197            197            0              
 69 x 18       197            197            0              
 70 x 18       197            197            0              
 71 x 18       196            196            0              
 72 x 18       198            198            0              
 73 x 18       198            198            0              
 74 x 18       196            196            0              
 75 x 18       196            196            0              
 76 x 18       197            197            0              
 77 x 18       198            198            0              
 78 x 18       199            199            0              
 79 x 18       198            198            0              
 80 x 18       196            196            0              
 81 x 18       197            197            0              
 82 x 18       198            198            0              
 83 x 18       198            198            0              
 84 x 18       198            198            0              
 85 x 18       197            197            0              
  0 x 19       198            198            0              
  1 x 19       160            160            0              
  2 x 19       74             74             0              
  3 x 19       147            147            0              
  4 x 19       160            160            0              
  5 x 19       178            178            0              
  6 x 19       197            197            0              
  7 x 19       198            198            0              
  8 x 19       198            198            0              
  9 x 19       196            196            0              
 10 x 19       198            198            0              
 11 x 19       196            196            0              
 12 x 19       196            196            0              
 13 x 19       197            197            0              
 14 x 19       198            198            0              
 15 x 19       199            199            0              
 16 x 19       197            197            0              
 17 x 19       198            198            0              
 18 x 19       197            197            0              
 19 x 19       196            196            0              
 20 x 19       198            198            0              
 21 x 19       196            196            0              
 22 x 19       198            198            0              
 23 x 19       197            197            0              
 24 x 19       198            198            0              
 25 x 19       198            198            0              
 26 x 19       197            197            0              
 27 x 19       196            196            0              
 28 x 19       199            199            0              
 29 x 19       197            197            0              
 30 x 19       199            199            0              
 31 x 19       196            196            0              
 32 x 19       196            196            0              
 33 x 19       198            198            0              
 34 x 19       198            198            0              
 35 x 19       197            197            0              
 36 x 19       199            199            0              
 37 x 19       196            196            0              
 38 x 19       196            196            0              
 39 x 19       196            196            0              
 40 x 19       196            196            0              
 41 x 19       198            198            0              
 42 x 19       197            197            0              
 43 x 19       198            198            0              
 44 x 19       196            196            0              
 45 x 19       197            197            0              
 46 x 19       196            196            0              
 47 x 19       197            197            0              
 48 x 19       198            198            0              
 49 x 19       196            196            0              
 50 x 19       199            199            0              
 51 x 19       197            197            0              
 52 x 19       196            196            0              
 53 x 19       198            198            0              
 54 x 19       196            196            0              
 55 x 19       197            197            0              
 56 x 19       197            197            0              
 57 x 19       196            196            0              
 58 x 19       198            198            0              
 59 x 19       196            196            0              
 60 x 19       198            198            0              
 61 x 19       196            196            0              
 62 x 19       197            197            0              
 63 x 19       198            198            0              
 64 x 19       198            198            0              
 65 x 19       196            196            0              
 66 x 19       197            197            0              
 67 x 19       198            198            0              
 68 x 19       196            196            0              
 69 x 19       196            196            0              
 70 x 19       196            196            0              
 71 x 19       197            197            0              
 72 x 19       198            198            0              
 73 x 19       197            197            0              
 74 x 19       197            197            0              
 75 x 19       197            197            0              
 76 x 19       192            192            0              
 77 x 19       162            162            0              
 78 x 19       196            196            0              
 79 x 19       196            196            0              
 80 x 19       197            197            0              
 81 x 19       197            197            0              
 82 x 19       197            197            0              
 83 x 19       198            198            0              
 84 x 19       196            196            0              
 85 x 19       197            197            0              
  0 x 20       197            197            0              
  1 x 20       56             56             0              
  2 x 20       164            164            0              
  3 x 20       81             81             0              
  4 x 20       160            160            0              
  5 x 20       94             94             0              
  6 x 20       197            197            0              
  7 x 20       196            196            0              
  8 x 20       197            197            0              
  9 x 20       188            188            0              
 10 x 20       196            196            0              
 11 x 20       129            129            0              
 12 x 20       127            127            0              
 13 x 20       135            135            0              
 14 x 20       96             96             0              
 15 x 20       170            170            0              
 16 x 20       196            196            0              
 17 x 20       198            198            0              
 18 x 20       196            196            0              
 19 x 20       196            196            0              
 20 x 20       200            200            0              
 21 x 20       197            197            0              
 22 x 20       196            196            0              
 23 x 20       197            197            0              
 24 x 20       164            164            0              
 25 x 20       148            148            0              
 26 x 20       176            176            0              
 27 x 20       171            171            0              
 28 x 20       196            196            0              
 29 x 20       197            197            0              
 30 x 20       199            199            0              
 31 x 20       197            197            0              
 32 x 20       197            197            0              
 33 x 20       196            196            0              
 34 x 20       198            198            0              
 35 x 20       198            198            0              
 36 x 20       197            197            0              
 37 x 20       197            197            0              
 38 x 20       196            196            0              
 39 x 20       197            197            0              
 40 x 20       196            196            0              
 41 x 20       197            197            0              
 42 x 20       196            196            0              
 43 x 20       197            197            0              
 44 x 20       196            196            0              
 45 x 20       196            196            0              
 46 x 20       197            197            0              
 47 x 20       198            198            0              
 48 x 20       196            196            0              
 49 x 20       197            197            0              
 50 x 20       198            198            0              
 51 x 20       198            198            0              
 52 x 20       197            197            0              
 53 x 20       199            199            0              
 54 x 20       197            197            0              
 55 x 20       197            197            0              
 56 x 20       198            198            0              
 57 x 20       196            196            0              
 58 x 20       198            198            0              
 59 x 20       197            197            0              
 60 x 20       198            198            0              
 61 x 20       199            199            0              
 62 x 20       197            197            0              
 63 x 20       196            196            0              
 64 x 20       199            199            0              
 65 x 20       196            196            0              
 66 x 20       197            197            0              
 67 x 20       198            198            0              
 68 x 20       192            192            0              
 69 x 20       198            198            0              
 70 x 20       196            196            0              
 71 x 20       196            196            0              
 72 x 20       198            198            0              
 73 x 20       196            196            0              
 74 x 20       197            197            0              
 75 x 20       198            198            0              
 76 x 20       196            196            0              
 77 x 20       160            160            0              
 78 x 20       197            197            0              
 79 x 20       196            196            0              
 80 x 20       199            199            0              
 81 x 20       197            197            0              
 82 x 20       196            196            0              
 83 x 20       196            196            0              
 84 x 20       196            196            0              
 85 x 20       199            199            0              
  0 x 21       196            196            0              
  1 x 21       142            142            0              
  2 x 21       106            106            0              
  3 x 21       129            129            0              
  4 x 21       154            154            0              
  5 x 21       197            197            0              
  6 x 21       163            163            0              
  7 x 21       199            199            0              
  8 x 21       199            199            0              
  9 x 21       183            183            0              
 10 x 21       199            199            0              
 11 x 21       138            138            0              
 12 x 21       144            144            0              
 13 x 21       117            117            0              
 14 x 21       127            127            0              
 15 x 21       140            140            0              
 16 x 21       116            116            0              
 17 x 21       197            197            0              
 18 x 21       196            196            0              
 19 x 21       199            199            0              
 20 x 21       197            197            0              
 21 x 21       196            196            0              
 22 x 21       196            196            0              
 23 x 21       160            160            0              
 24 x 21       178            178            0              
 25 x 21       197            197            0              
 26 x 21       157            157            0              
 27 x 21       173            173            0              
 28 x 21       128            128            0              
 29 x 21       81             81             0              
 30 x 21       127            127            0              
 31 x 21       197            197            0              
 32 x 21       196            196            0              
 33 x 21       196            196            0              
 34 x 21       196            196            0              
 35 x 21       196            196            0              
 36 x 21       199            199            0              
 37 x 21       198            198            0              
 38 x 21       149            149            0              
 39 x 21       194            194            0              
 40 x 21       185            185            0              
 41 x 21       199            199            0              
 42 x 21       198            198            0              
 43 x 21       199            199            0              
 44 x 21       199            199            0              
 45 x 21       197            197            0              
 46 x 21       197            197            0              
 47 x 21       196            196            0              
 48 x 21       197            197            0              
 49 x 21       198            198            0              
 50 x 21       196            196            0              
 51 x 21       198            198            0              
 52 x 21       196            196            0              
 53 x 21       198            198            0              
 54 x 21       197            197            0              
 55 x 21       196            196            0              
 56 x 21       197            197            0              
 57 x 21       196            196            0              
 58 x 21       199            199            0              
 59 x 21       196            196            0              
 60 x 21       196            196            0              
 61 x 21       198            198            0              
 62 x 21       196            196            0              
 63 x 21       197            197            0              
 64 x 21       196            196            0              
 65 x 21       199            199            0              
 66 x 21       197            197            0              
 67 x 21       198            198            0              
 68 x 21       196            196            0              
 69 x 21       197            197            0              
 70 x 21       196            196            0              
 71 x 21       197            197            0              
 72 x 21       197            197            0              
 73 x 21       196            196            0              
 74 x 21       198            198            0              
 75 x 21       196            196            0              
 76 x 21       197            197            0              
 77 x 21       198            198            0              
 78 x 21       197            197            0              
 79 x 21       197            197            0              
 80 x 21       196            196            0              
 81 x 21       196            196            0              
 82 x 21       197            197            0              
 83 x 21       197            197            0              
 84 x 21       196            196            0              
 85 x 21       197            197            0              
  0 x 22       198            198            0              
  1 x 22       103            103            0              
  2 x 22       112            112            0              
  3 x 22       97             97             0              
  4 x 22       176            176            0              
  5 x 22       194            194            0              
  6 x 22       133            133            0              
  7 x 22       149            149            0              
  8 x 22       189            189            0              
  9 x 22       187            187            0              
 10 x 22       179            179            0              
 11 x 22       103            103            0              
 12 x 22       141            141            0              
 13 x 22       85             85             0              
 14 x 22       88             88             0              
 15 x 22       117            117            0              
 16 x 22       120            120            0              
 17 x 22       118            118            0              
 18 x 22       53             53             0              
 19 x 22       83             83             0              
 20 x 22       105            105            0              
 21 x 22       103            103            0              
 22 x 22       55             55             0              
 23 x 22       94             94             0              
 24 x 22       65             65             0              
 25 x 22       97             97             0              
 26 x 22       168            168            0              
 27 x 22       186            186            0              
 28 x 22       163            163            0              
 29 x 22       108            108            0              
 30 x 22       99             99             0              
 31 x 22       131            131            0              
 32 x 22       146            146            0              
 33 x 22       174            174            0              
 34 x 22       182            182            0              
 35 x 22       96             96             0              
 36 x 22       199            199            0              
 37 x 22       198            198            0              
 38 x 22       200            200            0              
 39 x 22       196            196            0              
 40 x 22       196            196            0              
 41 x 22       196            196            0              
 42 x 22       197            197            0              
 43 x 22       196            196            0              
 44 x 22       197            197            0              
 45 x 22       197            197            0              
 46 x 22       198            198            0              
 47 x 22       199            199            0              
 48 x 22       196            196            0              
 49 x 22       198            198            0              
 50 x 22       198            198            0              
 51 x 22       196            196            0              
 52 x 22       196            196            0              
 53 x 22       197            197            0              
 54 x 22       196            196            0              
 55 x 22       198            198            0              
 56 x 22       198            198            0              
 57 x 22       198            198            0              
 58 x 22       197            197            0              
 59 x 22       196            196            0              
 60 x 22       198            198            0              
 61 x 22       198            198            0              
 62 x 22       198            198            0              
 63 x 22       167            167            0              
 64 x 22       197            197            0              
 65 x 22       196            196            0              
 66 x 22       197            197            0              
 67 x 22       196            196            0              
 68 x 22       198            198            0              
 69 x 22       199            199            0              
 70 x 22       198            198            0              
 71 x 22       196            196            0              
 72 x 22       196            196            0              
 73 x 22       198            198            0              
 74 x 22       196            196            0              
 75 x 22       197            197            0              
 76 x 22       197            197            0              
 77 x 22       196            196            0              
 78 x 22       196            196            0              
 79 x 22       198            198            0              
 80 x 22       197            197            0              
 81 x 22       197            197            0              
 82 x 22       196            196            0              
 83 x 22       198            198            0              
 84 x 22       199            199            0              
 85 x 22       196            196            0              
  0 x 23       119            119            0              
  1 x 23       172            172            0              
  2 x 23       191            191            0              
  3 x 23       172            172            0              
  4 x 23       127            127            0              
  5 x 23       197            197            0              
  6 x 23       126            126            0              
  7 x 23       111            111            0              
  8 x 23       156            156            0              
  9 x 23       165            165            0              
 10 x 23       197            197            0              
 11 x 23       199            199            0              
 12 x 23       116            116            0              
 13 x 23       116            116            0              
 14 x 23       121            121            0              
 15 x 23       163            163            0              
 16 x 23       66             66             0              
 17 x 23       58             58             0              
 18 x 23       46             46             0              
 19 x 23       84             84             0              
 20 x 23       156            156            0              
 21 x 23       129            129            0              
 22 x 23       50             50             0              
 23 x 23       82             82             0              
 24 x 23       111            111            0              
 25 x 23       82             82             0              
 26 x 23       110            110            0              
 27 x 23       121            121            0              
 28 x 23       196            196            0              
 29 x 23       196            196            0              
 30 x 23       196            196            0              
 31 x 23       167            167            0              
 32 x 23       143            143            0              
 33 x 23       138            138            0              
 34 x 23       157            157            0              
 35 x 23       171            171            0              
 36 x 23       197            197            0              
 37 x 23       196            196            0              
 38 x 23       198            198            0              
 39 x 23       198            198            0              
 40 x 23       199            199            0              
 41 x 23       197            197            0              
 42 x 23       196            196            0              
 43 x 23       197            197            0              
 44 x 23       198            198            0              
 45 x 23       196            196            0              
 46 x 23       197            197            0              
 47 x 23       196            196            0              
 48 x 23       80             80             0              
 49 x 23       199            199            0              
 50 x 23       196            196            0              
 51 x 23       182            182            0              
 52 x 23       196            196            0              
 53 x 23       199            199            0              
 54 x 23       196            196            0              
 55 x 23       196            196            0              
 56 x 23       199            199            0              
 57 x 23       198            198            0              
 58 x 23       198            198            0              
 59 x 23       197            197            0              
 60 x 23       197            197            0              
 61 x 23       198            198            0              
 62 x 23       198            198            0              
 63 x 23       197            197            0              
 64 x 23       196            196            0              
 65 x 23       196            196            0              
 66 x 23       197            197            0              
 67 x 23       198            198            0              
 68 x 23       197            197            0              
 69 x 23       199            199            0              
 70 x 23       199            199            0              
 71 x 23       199            199            0              
 72 x 23       196            196            0              
 73 x 23       199            199            0              
 74 x 23       198            198            0              
 75 x 23       196            196            0              
 76 x 23       198            198            0              
 77 x 23       196            196            0              
 78 x 23       198            198            0              
 79 x 23       196            196            0              
 80 x 23       196            196            0              
 81 x 23       198            198            0              
 82 x 23       196            196            0              
 83 x 23       199            199            0              
 84 x 23       199            199            0              
 85 x 23       197            197            0              
  0 x 24       196            196            0              
  1 x 24       175            175            0              
  2 x 24       72             72             0              
  3 x 24       199            199            0              
  4 x 24       198            198            0              
  5 x 24       184            184            0              
  6 x 24       197            197            0              
  7 x 24       199            199            0              
  8 x 24       129            129            0              
  9 x 24       197            197            0              
 10 x 24       196            196            0              
 11 x 24       198            198            0              
 12 x 24       197            197            0              
 13 x 24       120            120            0              
 14 x 24       155            155            0              
 15 x 24       121            121            0              
 16 x 24       103            103            0              
 17 x 24       99             99             0              
 18 x 24       111            111            0              
 19 x 24       76             76             0              
 20 x 24       81             81             0              
 21 x 24       69             69             0              
 22 x 24       66             66             0              
 23 x 24       75             75             0              
 24 x 24       174            174            0              
 25 x 24       84             84             0              
 26 x 24       151            151            0              
 27 x 24       103            103            0              
 28 x 24       187            187            0              
 29 x 24       196            196            0              
 30 x 24       182            182            0              
 31 x 24       150            150            0              
 32 x 24       72             72             0              
 33 x 24       197            197            0              
 34 x 24       185            185            0              
 35 x 24       105            105            0              
 36 x 24       119            119            0              
 37 x 24       196            196            0              
 38 x 24       197            197            0              
 39 x 24       197            197            0              
 40 x 24       196            196            0              
 41 x 24       199            199            0              
 42 x 24       197            197            0              
 43 x 24       199            199            0              
 44 x 24       197            197            0              
 45 x 24       199            199            0              
 46 x 24       197            197            0              
 47 x 24       197            197            0              
 48 x 24       198            198            0              
 49 x 24       196            196            0              
 50 x 24       196            196            0              
 51 x 24       197            197            0              
 52 x 24       177            177            0              
 53 x 24       197            197            0              
 54 x 24       196            196            0              
 55 x 24       197            197            0              
 58 x 24       197            197            0              
 59 x 24       197            197            0              
 60 x 24       196            196            0              
 61 x 24       197            197            0              
 62 x 24       199            199            0              
 63 x 24       197            197            0              
 64 x 24       198            198            0              
 65 x 24       198            198            0              
 66 x 24       196            196            0              
 67 x 24       197            197            0              
 68 x 24       197            197            0              
 69 x 24       198            198            0              
 70 x 24       196            196            0              
 71 x 24       196            196            0              
 72 x 24       196            196            0              
 73 x 24       198            198            0              
 74 x 24       197            197            0              
 75 x 24       196            196            0              
 76 x 24       197            197            0              
 77 x 24       196            196            0              
 78 x 24       196            196            0              
 79 x 24       197            197            0              
 80 x 24       198            198            0              
 81 x 24       200            200            0              
 82 x 24       198            198            0              
 83 x 24       197            197            0              
 84 x 24       196            196            0              
 85 x 24       198            198            0              
  0 x 25       52             52             0              
  1 x 25       186            186            0              
  2 x 25       90             90             0              
  3 x 25       136            136            0              
  4 x 25       139            139            0              
  5 x 25       138            138            0              
  6 x 25       144            144            0              
  7 x 25       185            185            0              
  8 x 25       199            199            0              
  9 x 25       196            196            0              
 10 x 25       197            197            0              
 11 x 25       196            196            0              
 12 x 25       197            197            0              
 13 x 25       198            198            0              
 14 x 25       197            197            0              
 15 x 25       191            191            0              
 16 x 25       138            138            0              
 17 x 25       125            125            0              
 18 x 25       153            153            0              
 19 x 25       99             99             0              
 20 x 25       197            197            0              
 21 x 25       163            163            0              
 22 x 25       196            196            0              
 23 x 25       194            194            0              
 24 x 25       198            198            0              
 25 x 25       172            172            0              
 26 x 25       199            199            0              
 27 x 25       199            199            0              
 28 x 25       133            133            0              
 29 x 25       147            147            0              
 30 x 25       92             92             0              
 31 x 25       75             75             0              
 32 x 25       99             99             0              
 33 x 25       151            151            0              
 34 x 25       187            187            0              
 35 x 25       198            198            0              
 36 x 25       199            199            0              
 37 x 25       198            198            0              
 38 x 25       198            198            0              
 39 x 25       196            196            0              
 40 x 25       199            199            0              
 41 x 25       198            198            0              
 42 x 25       196            196            0              
 43 x 25       196            196            0              
 44 x 25       198            198            0              
 45 x 25       198            198            0              
 46 x 25       196            196            0              
 47 x 25       199            199            0              
 48 x 25       196            196            0              
 49 x 25       197            197            0              
 50 x 25       198            198            0              
 51 x 25       93             93             0              
 52 x 25       95             95             0              
 53 x 25       196            196            0              
 54 x 25       199            199            0              
 55 x 25       198            198            0              
 56 x 25       4              4              0              
 57 x 25       86             86             0              
 58 x 25       196            196            0              
 59 x 25       198            198            0              
 60 x 25       197            197            0              
 61 x 25       197            197            0              
 62 x 25       197            197            0              
 63 x 25       197            197            0              
 64 x 25       197            197            0              
 65 x 25       197            197            0              
 66 x 25       198            198            0              
 67 x 25       197            197            0              
 68 x 25       196            196            0              
 69 x 25       198            198            0              
 70 x 25       199            199            0              
 71 x 25       199            199            0              
 72 x 25       197            197            0              
 73 x 25       196            196            0              
 74 x 25       196            196            0              
 75 x 25       197            197            0              
 76 x 25       197            197            0              
 77 x 25       196            196            0              
 78 x 25       196            196            0              
 79 x 25       198            198            0              
 80 x 25       199            199            0              
 81 x 25       198            198            0              
 82 x 25       199            199            0              
 83 x 25       198            198            0              
 84 x 25       199            199            0              
 85 x 25       198            198            0              
  0 x 26       161            161            0              
  1 x 26       156            156            0              
  2 x 26       164            164            0              
  3 x 26       115            115            0              
  4 x 26       199            199            0              
  5 x 26       183            183            0              
  6 x 26       94             94             0              
  7 x 26       196            196            0              
  8 x 26       180            180            0              
  9 x 26       196            196            0              
 10 x 26       175            175            0              
 11 x 26       199            199            0              
 12 x 26       160            160            0              
 13 x 26       196            196            0              
 14 x 26       197            197            0              
 15 x 26       198            198            0              
 16 x 26       162            162            0              
 17 x 26       150            150            0              
 18 x 26       141            141            0              
 19 x 26       65             65             0              
 20 x 26       196            196            0              
 21 x 26       196            196            0              
 22 x 26       196            196            0              
 23 x 26       171            171            0              
 24 x 26       196            196            0              
 25 x 26       196            196            0              
 26 x 26       197            197            0              
 27 x 26       147            147            0              
 28 x 26       196            196            0              
 29 x 26       197            197            0              
 30 x 26       156            156            0              
 31 x 26       148            148            0              
 32 x 26       131            131            0              
 33 x 26       136            136            0              
 34 x 26       162            162            0              
 35 x 26       165            165            0              
 36 x 26       196            196            0              
 37 x 26       196            196            0              
 38 x 26       196            196            0              
 39 x 26       198            198            0              
 40 x 26       197            197            0              
 41 x 26       197            197            0              
 42 x 26       198            198            0              
 43 x 26       198            198            0              
 44 x 26       197            197            0              
 45 x 26       196            196            0              
 46 x 26       196            196            0              
 47 x 26       196            196            0              
 48 x 26       200            200            0              
 49 x 26       196            196            0              
 50 x 26       1              1              0              
 53 x 26       198            198            0              
 54 x 26       197            197            0              
 55 x 26       197            197            0              
 56 x 26       160            160            0              
 57 x 26       196            196            0              
 58 x 26       196            196            0              
 59 x 26       197            197            0              
 60 x 26       196            196            0              
 61 x 26       197            197            0              
 62 x 26       197            197            0              
 63 x 26       196            196            0              
 64 x 26       200            200            0              
 65 x 26       196            196            0              
 66 x 26       199            199            0              
 67 x 26       199            199            0              
 68 x 26       166            166            0              
 69 x 26       198            198            0              
 70 x 26       196            196            0              
 71 x 26       198            198            0              
 72 x 26       199            199            0              
 73 x 26       196            196            0              
 74 x 26       196            196            0              
 75 x 26       198            198            0              
 76 x 26       197            197            0              
 77 x 26       197            197            0              
 78 x 26       197            197            0              
 79 x 26       197            197            0              
 80 x 26       196            196            0              
 81 x 26       197            197            0              
 82 x 26       198            198            0              
 83 x 26       198            198            0              
 84 x 26       197            197            0              
 85 x 26       196            196            0              
  0 x 27       197            197            0              
  1 x 27       197            197            0              
  2 x 27       189            189            0              
  3 x 27       116            116            0              
  4 x 27       167            167            0              
  5 x 27       185            185            0              
  6 x 27       176            176            0              
  7 x 27       197            197            0              
  8 x 27       122            122            0              
  9 x 27       197            197            0              
 10 x 27       164            164            0              
 11 x 27       123            123            0              
 12 x 27       141            141            0              
 13 x 27       82             82             0              
 14 x 27       197            197            0              
 15 x 27       197            197            0              
 16 x 27       126            126            0              
 17 x 27       121            121            0              
 18 x 27       183            183            0              
 19 x 27       121            121            0              
 20 x 27       159            159            0              
 21 x 27       130            130            0              
 22 x 27       85             85             0              
 23 x 27       55             55             0              
 24 x 27       99             99             0              
 25 x 27       117            117            0              
 26 x 27       105            105            0              
 27 x 27       144            144            0              
 28 x 27       162            162            0              
 29 x 27       185            185            0              
 30 x 27       135            135            0              
 31 x 27       154            154            0              
 32 x 27       196            196            0              
 33 x 27       145            145            0              
 34 x 27       166            166            0              
 35 x 27       198            198            0              
 36 x 27       198            198            0              
 37 x 27       197            197            0              
 38 x 27       196            196            0              
 39 x 27       197            197            0              
 40 x 27       196            196            0              
 41 x 27       196            196            0              
 42 x 27       197            197            0              
 43 x 27       197            197            0              
 44 x 27       199            199            0              
 45 x 27       196            196            0              
 46 x 27       196            196            0              
 47 x 27       198            198            0              
 48 x 27       199            199            0              
 49 x 27       143            143            0              
 53 x 27       197            197            0              
 54 x 27       197            197            0              
 55 x 27       197            197            0              
 56 x 27       198            198            0              
 57 x 27       196            196            0              
 58 x 27       196            196            0              
 59 x 27       199            199            0              
 60 x 27       198            198            0              
 61 x 27       197            197            0              
 62 x 27       196            196            0              
 63 x 27       198            198            0              
 64 x 27       198            198            0              
 65 x 27       199            199            0              
 66 x 27       196            196            0              
 67 x 27       197            197            0              
 68 x 27       179            179            0              
 69 x 27       197            197            0              
 70 x 27       197            197            0              
 71 x 27       197            197            0              
 72 x 27       197            197            0              
 73 x 27       199            199            0              
 74 x 27       196            196            0              
 75 x 27       196            196            0              
 76 x 27       197            197            0              
 77 x 27       199            199            0              
 78 x 27       197            197            0              
 79 x 27       197            197            0              
 80 x 27       197            197            0              
 81 x 27       199            199            0              
 82 x 27       196            196            0              
 83 x 27       196            196            0              
 84 x 27       199            199            0              
 85 x 27       197            197            0              
  0 x 28       196            196            0              
  1 x 28       110            110            0              
  2 x 28       121            121            0              
  3 x 28       198            198            0              
  4 x 28       108            108            0              
  5 x 28       107            107            0              
  6 x 28       171            171            0              
  7 x 28       199            199            0              
  8 x 28       120            120            0              
  9 x 28       196            196            0              
 10 x 28       198            198            0              
 11 x 28       129            129            0              
 12 x 28       136            136            0              
 13 x 28       63             63             0              
 14 x 28       141            141            0              
 15 x 28       135            135            0              
 16 x 28       108            108            0              
 17 x 28       141            141            0              
 18 x 28       196            196            0              
 19 x 28       91             91             0              
 20 x 28       39             39             0              
 21 x 28       83             83             0              
 22 x 28       95             95             0              
 23 x 28       71             71             0              
 24 x 28       80             80             0              
 25 x 28       197            197            0              
 26 x 28       198            198            0              
 27 x 28       197            197            0              
 28 x 28       144            144            0              
 29 x 28       196            196            0              
 30 x 28       198            198            0              
 31 x 28       141            141            0              
 32 x 28       197            197            0              
 33 x 28       192            192            0              
 34 x 28       133            133            0              
 35 x 28       197            197            0              
 36 x 28       165            165            0              
 37 x 28       197            197            0              
 38 x 28       196            196            0              
 39 x 28       198            198            0              
 40 x 28       196            196            0              
 41 x 28       197            197            0              
 42 x 28       183            183            0              
 43 x 28       197            197            0              
 44 x 28       198            198            0              
 45 x 28       196            196            0              
 46 x 28       199            199            0              
 47 x 28       196            196            0              
 48 x 28       197            197            0              
 49 x 28       197            197            0              
 50 x 28       199            199            0              
 51 x 28       196            196            0              
 52 x 28       197            197            0              
 53 x 28       199            199            0              
 54 x 28       197            197            0              
 55 x 28       199            199            0              
 56 x 28       198            198            0              
 57 x 28       196            196            0              
 58 x 28       197            197            0              
 59 x 28       199            199            0              
 60 x 28       196            196            0              
 61 x 28       197            197            0              
 62 x 28       197            197            0              
 63 x 28       198            198            0              
 64 x 28       198            198            0              
 65 x 28       196            196            0              
 66 x 28       197            197            0              
 67 x 28       199            199            0              
 68 x 28       196            196            0              
 69 x 28       195            195            0              
 70 x 28       196            196            0              
 71 x 28       198            198            0              
 72 x 28       198            198            0              
 73 x 28       197            197            0              
 74 x 28       198            198            0              
 75 x 28       196            196            0              
 76 x 28       197            197            0              
 77 x 28       199            199            0              
 78 x 28       196            196            0              
 79 x 28       198            198            0              
 80 x 28       196            196            0              
 81 x 28       196            196            0              
 82 x 28       198            198            0              
 83 x 28       198            198            0              
 84 x 28       197            197            0              
 85 x 28       197            197            0              
  0 x 29       196            196            0              
  1 x 29       198            198            0              
  2 x 29       198            198            0              
  3 x 29       197            197            0              
  4 x 29       173            173            0              
  5 x 29       114            114            0              
  6 x 29       130            130            0              
  7 x 29       131            131            0              
  8 x 29       98             98             0              
  9 x 29       197            197            0              
 10 x 29       198            198            0              
 11 x 29       155            155            0              
 12 x 29       167            167            0              
 13 x 29       97             97             0              
 14 x 29       97             97             0              
 15 x 29       198            198            0              
 16 x 29       197            197            0              
 17 x 29       198            198            0              
 18 x 29       180            180            0              
 19 x 29       113            113            0              
 20 x 29       197            197            0              
 21 x 29       63             63             0              
 22 x 29       72             72             0              
 23 x 29       141            141            0              
 24 x 29       190            190            0              
 25 x 29       185            185            0              
 26 x 29       197            197            0              
 27 x 29       198            198            0              
 28 x 29       196            196            0              
 29 x 29       197            197            0              
 30 x 29       197            197            0              
 31 x 29       198            198            0              
 32 x 29       198            198            0              
 33 x 29       197            197            0              
 34 x 29       198            198            0              
 35 x 29       196            196            0              
 36 x 29       196            196            0              
 37 x 29       196            196            0              
 38 x 29       197            197            0              
 39 x 29       196            196            0              
 40 x 29       198            198            0              
 41 x 29       198            198            0              
 42 x 29       198            198            0              
 43 x 29       197            197            0              
 44 x 29       196            196            0              
 45 x 29       196            196            0              
 46 x 29       198            198            0              
 47 x 29       196            196            0              
 48 x 29       199            199            0              
 49 x 29       197            197            0              
 50 x 29       197            197            0              
 51 x 29       197            197            0              
 52 x 29       196            196            0              
 53 x 29       197            197            0              
 54 x 29       196            196            0              
 55 x 29       197            197            0              
 56 x 29       199            199            0              
 57 x 29       196            196            0              
 58 x 29       196            196            0              
 59 x 29       199            199            0              
 60 x 29       199            199            0              
 61 x 29       196            196            0              
 62 x 29       196            196            0              
 63 x 29       197            197            0              
 64 x 29       197            197            0              
 65 x 29       197            197            0              
 66 x 29       197            197            0              
 67 x 29       197            197            0              
 68 x 29       196            196            0              
 69 x 29       198            198            0              
 70 x 29       198            198            0              
 71 x 29       198            198            0              
 72 x 29       198            198            0              
 73 x 29       196            196            0              
 74 x 29       196            196            0              
 75 x 29       199            199            0              
 76 x 29       197            197            0              
 77 x 29       199            199            0              
 78 x 29       196            196            0              
 79 x 29       196            196            0              
 80 x 29       198            198            0              
 81 x 29       199            199            0              
 82 x 29       199            199            0              
 83 x 29       197            197            0              
 84 x 29       197            197            0              
 85 x 29       198            198            0              
  0 x 30       196            196            0              
  1 x 30       144            144            0              
  2 x 30       169            169            0              
  3 x 30       196            196            0              
  4 x 30       198            198            0              
  5 x 30       198            198            0              
  6 x 30       197            197            0              
  7 x 30       151            151            0              
  8 x 30       148            148            0              
  9 x 30       199            199            0              
 10 x 30       198            198            0              
 11 x 30       196            196            0              
 12 x 30       196            196            0              
 13 x 30       199            199            0              
 14 x 30       197            197            0              
 15 x 30       196            196            0              
 16 x 30       196            196            0              
 17 x 30       198            198            0              
 20 x 30       198            198            0              
 21 x 30       199            199            0              
 22 x 30       198            198            0              
 23 x 30       198            198            0              
 24 x 30       197            197            0              
 25 x 30       199            199            0              
 26 x 30       197            197            0              
 27 x 30       196            196            0              
 28 x 30       200            200            0              
 29 x 30       198            198            0              
 30 x 30       198            198            0              
 31 x 30       197            197            0              
 32 x 30       196            196            0              
 33 x 30       196            196            0              
 34 x 30       197            197            0              
 35 x 30       196            196            0              
 36 x 30       196            196            0              
 37 x 30       200            200            0              
 38 x 30       197            197            0              
 39 x 30       197            197            0              
 40 x 30       197            197            0              
 41 x 30       196            196            0              
 42 x 30       196            196            0              
 43 x 30       197            197            0              
 44 x 30       198            198            0              
 45 x 30       198            198            0              
 46 x 30       197            197            0              
 47 x 30       196            196            0              
 48 x 30       199            199            0              
 49 x 30       197            197            0              
 50 x 30       198            198            0              
 51 x 30       199            199            0              
 52 x 30       197            197            0              
 53 x 30       198            198            0              
 54 x 30       197            197            0              
 55 x 30       197            197            0              
 56 x 30       196            196            0              
 57 x 30       198            198            0              
 58 x 30       197            197            0              
 59 x 30       199            199            0              
 60 x 30       197            197            0              
 61 x 30       197            197            0              
 62 x 30       199            199            0              
 63 x 30       197            197            0              
 64 x 30       198            198            0              
 65 x 30       197            197            0              
 66 x 30       198            198            0              
 67 x 30       198            198            0              
 68 x 30       198            198            0              
 69 x 30       198            198            0              
 70 x 30       196            196            0              
 71 x 30       197            197            0              
 72 x 30       199            199            0              
 73 x 30       197            197            0              
 74 x 30       196            196            0              
 75 x 30       197            197            0              
 76 x 30       199            199            0              
 77 x 30       198            198            0              
 78 x 30       197            197            0              
 79 x 30       194            194            0              
 80 x 30       199            199            0              
 81 x 30       199            199            0              
 82 x 30       196            196            0              
 83 x 30       197            197            0              
 84 x 30       198            198            0              
 85 x 30       199            199            0              
  0 x 31       196            196            0              
  1 x 31       198            198            0              
  2 x 31       168            168            0              
  3 x 31       158            158            0              
  4 x 31       120            120            0              
  5 x 31       146            146            0              
  6 x 31       120            120            0              
  7 x 31       145            145            0              
  8 x 31       103            103            0              
  9 x 31       197            197            0              
 10 x 31       196            196            0              
 11 x 31       198            198            0              
 12 x 31       197            197            0              
 13 x 31       197            197            0              
 14 x 31       198            198            0              
 15 x 31       198            198            0              
 16 x 31       197            197            0              
 17 x 31       198            198            0              
 18 x 31       197            197            0              
 19 x 31       198            198            0              
 20 x 31       197            197            0              
 21 x 31       198            198            0              
 22 x 31       165            165            0              
 25 x 31       198            198            0              
 26 x 31       197            197            0              
 27 x 31       199            199            0              
 28 x 31       198            198            0              
 29 x 31       198            198            0              
 30 x 31       196            196            0              
 31 x 31       198            198            0              
 32 x 31       197            197            0              
 33 x 31       196            196            0              
 34 x 31       198            198            0              
 35 x 31       199            199            0              
 36 x 31       197            197            0              
 37 x 31       197            197            0              
 38 x 31       199            199            0              
 39 x 31       197            197            0              
 40 x 31       196            196            0              
 41 x 31       199            199            0              
 42 x 31       196            196            0              
 43 x 31       197            197            0              
 44 x 31       121            121            0              
 45 x 31       88             88             0              
 46 x 31       197            197            0              
 47 x 31       196            196            0              
 48 x 31       197            197            0              
 49 x 31       196            196            0              
 50 x 31       196            196            0              
 51 x 31       197            197            0              
 52 x 31       199            199            0              
 53 x 31       197            197            0              
 54 x 31       199            199            0              
 55 x 31       197            197            0              
 56 x 31       198            198            0              
 57 x 31       196            196            0              
 58 x 31       197            197            0              
 59 x 31       196            196            0              
 60 x 31       197            197            0              
 61 x 31       198            198            0              
 62 x 31       196            196            0              
 63 x 31       197            197            0              
 64 x 31       197            197            0              
 65 x 31       199            199            0              
 66 x 31       197            197            0              
 67 x 31       197            197            0              
 68 x 31       196            196            0              
 69 x 31       196            196            0              
 70 x 31       200            200            0              
 71 x 31       197            197            0              
 72 x 31       196            196            0              
 73 x 31       197            197            0              
 74 x 31       197            197            0              
 75 x 31       196            196            0              
 76 x 31       197            197            0              
 77 x 31       97             97             0              
 80 x 31       199            199            0              
 81 x 31       197            197            0              
 82 x 31       198            198            0              
 83 x 31       198            198            0              
 84 x 31       197            197            0              
 85 x 31       196            196            0              
  0 x 32       197            197            0              
  1 x 32       197            197            0              
  2 x 32       196            196            0              
  3 x 32       124            124            0              
  4 x 32       148            148            0              
  5 x 32       150            150            0              
  6 x 32       140            140            0              
  7 x 32       197            197            0              
  8 x 32       143            143            0              
  9 x 32       198            198            0              
 10 x 32       198            198            0              
 11 x 32       58             58             0              
 12 x 32       197            197            0              
 13 x 32       196            196            0              
 14 x 32       197            197            0              
 15 x 32       197            197            0              
 16 x 32       197            197            0              
 17 x 32       197            197            0              
 18 x 32       196            196            0              
 19 x 32       198            198            0              
 20 x 32       197            197            0              
 21 x 32       197            197            0              
 24 x 32       197            197            0              
 25 x 32       197            197            0              
 26 x 32       197            197            0              
 27 x 32       197            197            0              
 28 x 32       196            196            0              
 29 x 32       197            197            0              
 30 x 32       196            196            0              
 31 x 32       197            197            0              
 32 x 32       198            198            0              
 33 x 32       198            198            0              
 34 x 32       198            198            0              
 35 x 32       198            198            0              
 36 x 32       198            198            0              
 37 x 32       197            197            0              
 38 x 32       199            199            0              
 39 x 32       197            197            0              
 40 x 32       197            197            0              
 41 x 32       198            198            0              
 42 x 32       198            198            0              
 44 x 32       9              9              0              
 45 x 32       197            197            0              
 46 x 32       197            197            0              
 47 x 32       199            199            0              
 48 x 32       197            197            0              
 49 x 32       197            197            0              
 50 x 32       197            197            0              
 51 x 32       198            198            0              
 52 x 32       198            198            0              
 53 x 32       197            197            0              
 54 x 32       196            196            0              
 55 x 32       197            197            0              
 56 x 32       197            197            0              
 57 x 32       196            196            0              
 58 x 32       196            196            0              
 59 x 32       197            197            0              
 60 x 32       196            196            0              
 61 x 32       196            196            0              
 62 x 32       196            196            0              
 63 x 32       197            197            0              
 64 x 32       197            197            0              
 65 x 32       198            198            0              
 66 x 32       197            197            0              
 67 x 32       196            196            0              
 68 x 32       198            198            0              
 69 x 32       196            196            0              
 70 x 32       198            198            0              
 71 x 32       198            198            0              
 72 x 32       197            197            0              
 73 x 32       198            198            0              
 74 x 32       196            196            0              
 75 x 32       197            197            0              
 76 x 32       31             31             0              
 79 x 32       62             62             0              
 80 x 32       196            196            0              
 81 x 32       197            197            0              
 82 x 32       197            197            0              
 83 x 32       199            199            0              
 84 x 32       198            198            0              
 85 x 32       197            197            0              
  0 x 33       197            197            0              
  1 x 33       198            198            0              
  2 x 33       196            196            0              
  3 x 33       194            194            0              
  4 x 33       135            135            0              
  5 x 33       191            191            0              
  6 x 33       196            196            0              
  7 x 33       147            147            0              
  8 x 33       196            196            0              
  9 x 33       196            196            0              
 10 x 33       198            198            0              
 11 x 33       199            199            0              
 12 x 33       198            198            0              
 13 x 33       198            198            0              
 14 x 33       198            198            0              
 15 x 33       196            196            0              
 16 x 33       187            187            0              
 17 x 33       196            196            0              
 18 x 33       108            108            0              
 19 x 33       63             63             0              
 20 x 33       84             84             0              
 21 x 33       197            197            0              
 22 x 33       196            196            0              
 23 x 33       185            185            0              
 24 x 33       197            197            0              
 25 x 33       198            198            0              
 26 x 33       196            196            0              
 27 x 33       196            196            0              
 28 x 33       197            197            0              
 29 x 33       198            198            0              
 30 x 33       198            198            0              
 31 x 33       196            196            0              
 32 x 33       199            199            0              
 33 x 33       197            197            0              
 34 x 33       197            197            0              
 35 x 33       198            198            0              
 36 x 33       198            198            0              
 37 x 33       197            197            0              
 38 x 33       197            197            0              
 39 x 33       197            197            0              
 40 x 33       197            197            0              
 41 x 33       197            197            0              
 42 x 33       198            198            0              
 43 x 33       198            198            0              
 44 x 33       199            199            0              
 45 x 33       198            198            0              
 46 x 33       199            199            0              
 47 x 33       198            198            0              
 48 x 33       196            196            0              
 49 x 33       196            196            0              
 50 x 33       196            196            0              
 51 x 33       196            196            0              
 52 x 33       197            197            0              
 53 x 33       198            198            0              
 54 x 33       199            199            0              
 55 x 33       198            198            0              
 56 x 33       196            196            0              
 57 x 33       196            196            0              
 58 x 33       196            196            0              
 59 x 33       196            196            0              
 60 x 33       196            196            0              
 61 x 33       198            198            0              
 62 x 33       199            199            0              
 63 x 33       196            196            0              
 64 x 33       199            199            0              
 65 x 33       198            198            0              
 66 x 33       197            197            0              
 67 x 33       197            197            0              
 68 x 33       196            196            0              
 69 x 33       199            199            0              
 70 x 33       199            199            0              
 71 x 33       197            197            0              
 72 x 33       199            199            0              
 73 x 33       196            196            0              
 74 x 33       197            197            0              
 75 x 33       196            196            0              
 78 x 33       86             86             0              
 79 x 33       196            196            0              
 80 x 33       199            199            0              
 81 x 33       196            196            0              
 82 x 33       196            196            0              
 83 x 33       196            196            0              
 84 x 33       198            198            0              
 85 x 33       197            197            0              
  0 x 34       196            196            0              
  1 x 34       199            199            0              
  2 x 34       197            197            0              
  3 x 34       197            197            0              
  4 x 34       159            159            0              
  5 x 34       196            196            0              
  6 x 34       197            197            0              
  7 x 34       197            197            0              
  8 x 34       198            198            0              
  9 x 34       196            196            0              
 10 x 34       196            196            0              
 11 x 34       196            196            0              
 12 x 34       197            197            0              
 13 x 34       196            196            0              
 14 x 34       197            197            0              
 15 x 34       196            196            0              
 16 x 34       198            198            0              
 17 x 34       196            196            0              
 18 x 34       2              2              0              
 19 x 34       13             13             0              
 20 x 34       196            196            0              
 21 x 34       200            200            0              
 22 x 34       196            196            0              
 23 x 34       196            196            0              
 24 x 34       197            197            0              
 25 x 34       199            199            0              
 26 x 34       196            196            0              
 27 x 34       200            200            0              
 31 x 34       198            198            0              
 32 x 34       196            196            0              
 33 x 34       198            198            0              
 34 x 34       197            197            0              
 35 x 34       196            196            0              
 36 x 34       197            197            0              
 37 x 34       197            197            0              
 38 x 34       196            196            0              
 39 x 34       197            197            0              
 40 x 34       197            197            0              
 41 x 34       197            197            0              
 42 x 34       199            199            0              
 43 x 34       198            198            0              
 44 x 34       196            196            0              
 45 x 34       197            197            0              
 46 x 34       196            196            0              
 47 x 34       199            199            0              
 48 x 34       197            197            0              
 49 x 34       197            197            0              
 50 x 34       198            198            0              
 51 x 34       198            198            0              
 52 x 34       198            198            0              
 53 x 34       198            198            0              
 54 x 34       197            197            0              
 55 x 34       197            197            0              
 56 x 34       196            196            0              
 57 x 34       198            198            0              
 58 x 34       196            196            0              
 59 x 34       197            197            0              
 60 x 34       198            198            0              
 61 x 34       196            196            0              
 62 x 34       196            196            0              
 63 x 34       196            196            0              
 64 x 34       196            196            0              
 65 x 34       196            196            0              
 66 x 34       197            197            0              
 67 x 34       197            197            0              
 68 x 34       196            196            0              
 69 x 34       198            198            0              
 70 x 34       199            199            0              
 71 x 34       197            197            0              
 72 x 34       196            196            0              
 73 x 34       199            199            0              
 74 x 34       197            197            0              
 75 x 34       196            196            0              
 76 x 34       197            197            0              
 77 x 34       198            198            0              
 78 x 34       196            196            0              
 79 x 34       197            197            0              
 80 x 34       196            196            0              
 81 x 34       197            197            0              
 82 x 34       198            198            0              
 83 x 34       199            199            0              
 84 x 34       196            196            0              
 85 x 34       197            197            0              
  0 x 35       197            197            0              
  1 x 35       198            198            0              
  2 x 35       199            199            0              
  3 x 35       197            197            0              
  4 x 35       196            196            0              
  5 x 35       98             98             0              
  6 x 35       187            187            0              
  7 x 35       175            175            0              
  8 x 35       195            195            0              
  9 x 35       197            197            0              
 10 x 35       196            196            0              
 11 x 35       195            195            0              
 12 x 35       195            195            0              
 13 x 35       198            198            0              
 14 x 35       199            199            0              
 15 x 35       197            197            0              
 16 x 35       199            199            0              
 17 x 35       132            132            0              
 18 x 35       171            171            0              
 19 x 35       196            196            0              
 20 x 35       197            197            0              
 21 x 35       196            196            0              
 22 x 35       199            199            0              
 23 x 35       196            196            0              
 24 x 35       196            196            0              
 25 x 35       196            196            0              
 26 x 35       197            197            0              
 27 x 35       197            197            0              
 28 x 35       198            198            0              
 29 x 35       196            196            0              
 30 x 35       196            196            0              
 31 x 35       199            199            0              
 32 x 35       199            199            0              
 33 x 35       197            197            0              
 34 x 35       197            197            0              
 35 x 35       197            197            0              
 36 x 35       199            199            0              
 37 x 35       197            197            0              
 38 x 35       197            197            0              
 39 x 35       196            196            0              
 40 x 35       198            198            0              
 41 x 35       199            199            0              
 42 x 35       198            198            0              
 43 x 35       196            196            0              
 44 x 35       198            198            0              
 45 x 35       196            196            0              
 46 x 35       196            196            0              
 49 x 35       197            197            0              
 50 x 35       197            197            0              
 51 x 35       196            196            0              
 52 x 35       198            198            0              
 53 x 35       197            197            0              
 54 x 35       196            196            0              
 55 x 35       199            199            0              
 56 x 35       199            199            0              
 57 x 35       196            196            0              
 58 x 35       198            198            0              
 59 x 35       199            199            0              
 60 x 35       199            199            0              
 61 x 35       196            196            0              
 62 x 35       196            196            0              
 63 x 35       196            196            0              
 64 x 35       195            195            0              
 65 x 35       197            197            0              
 66 x 35       198            198            0              
 67 x 35       196            196            0              
 68 x 35       196            196            0              
 69 x 35       196            196            0              
 70 x 35       197            197            0              
 71 x 35       199            199            0              
 72 x 35       197            197            0              
 73 x 35       199            199            0              
 74 x 35       199            199            0              
 75 x 35       196            196            0              
 76 x 35       198            198            0              
 77 x 35       196            196            0              
 78 x 35       199            199            0              
 79 x 35       199            199            0              
 80 x 35       199            199            0              
 81 x 35       196            196            0              
 82 x 35       198            198            0              
 83 x 35       198            198            0              
 84 x 35       196            196            0              
 85 x 35       197            197            0              
  0 x 36       197            197            0              
  1 x 36       196            196            0              
  2 x 36       197            197            0              
  3 x 36       197            197            0              
  4 x 36       92             92             0              
  5 x 36       163            163            0              
  6 x 36       197            197            0              
  7 x 36       199            199            0              
  8 x 36       196            196            0              
  9 x 36       196            196            0              
 10 x 36       196            196            0              
 11 x 36       197            197            0              
 12 x 36       143            143            0              
 13 x 36       146            146            0              
 14 x 36       197            197            0              
 15 x 36       187            187            0              
 16 x 36       197            197            0              
 17 x 36       196            196            0              
 18 x 36       196            196            0              
 19 x 36       198            198            0              
 20 x 36       197            197            0              
 21 x 36       197            197            0              
 22 x 36       199            199            0              
 23 x 36       198            198            0              
 24 x 36       196            196            0              
 25 x 36       136            136            0              
 26 x 36       47             47             0              
 27 x 36       34             34             0              
 28 x 36       63             63             0              
 29 x 36       65             65             0              
 30 x 36       130            130            0              
 31 x 36       198            198            0              
 32 x 36       198            198            0              
 33 x 36       198            198            0              
 34 x 36       199            199            0              
 35 x 36       126            126            0              
 36 x 36       179            179            0              
 37 x 36       135            135            0              
 38 x 36       58             58             0              
 39 x 36       173            173            0              
 40 x 36       94             94             0              
 41 x 36       109            109            0              
 42 x 36       162            162            0              
 43 x 36       68             68             0              
 44 x 36       198            198            0              
 45 x 36       196            196            0              
 46 x 36       197            197            0              
 47 x 36       198            198            0              
 48 x 36       197            197            0              
 49 x 36       198            198            0              
 50 x 36       196            196            0              
 51 x 36       198            198            0              
 52 x 36       197            197            0              
 53 x 36       200            200            0              
 54 x 36       197            197            0              
 55 x 36       199            199            0              
 56 x 36       200            200            0              
 57 x 36       197            197            0              
 58 x 36       196            196            0              
 59 x 36       198            198            0              
 60 x 36       197            197            0              
 61 x 36       197            197            0              
 62 x 36       196            196            0              
 63 x 36       196            196            0              
 64 x 36       198            198            0              
 65 x 36       196            196            0              
 66 x 36       198            198            0              
 67 x 36       196            196            0              
 68 x 36       196            196            0              
 69 x 36       196            196            0              
 70 x 36       197            197            0              
 71 x 36       197            197            0              
 72 x 36       196            196            0              
 73 x 36       198            198            0              
 74 x 36       197            197            0              
 75 x 36       197            197            0              
 76 x 36       198            198            0              
 77 x 36       196            196            0              
 78 x 36       198            198            0              
 79 x 36       197            197            0              
 80 x 36       196            196            0              
 81 x 36       196            196            0              
 82 x 36       197            197            0              
 83 x 36       198            198            0              
 84 x 36       197            197            0              
 85 x 36       197            197            0              
  0 x 37       131            131            0              
  1 x 37       196            196            0              
  2 x 37       198            198            0              
  3 x 37       198            198            0              
  4 x 37       199            199            0              
  5 x 37       197            197            0              
  6 x 37       101            101            0              
  7 x 37       198            198            0              
  8 x 37       197            197            0              
  9 x 37       196            196            0              
 10 x 37       196            196            0              
 11 x 37       199            199            0              
 12 x 37       198            198            0              
 13 x 37       197            197            0              
 14 x 37       198            198            0              
 15 x 37       180            180            0              
 16 x 37       199            199            0              
 17 x 37       118            118            0              
 18 x 37       130            130            0              
 19 x 37       197            197            0              
 20 x 37       199            199            0              
 21 x 37       200            200            0              
 22 x 37       197            197            0              
 23 x 37       197            197            0              
 24 x 37       92             92             0              
 25 x 37       49             49             0              
 26 x 37       58             58             0              
 27 x 37       43             43             0              
 28 x 37       50             50             0              
 29 x 37       75             75             0              
 30 x 37       149            149            0              
 31 x 37       50             50             0              
 32 x 37       112            112            0              
 33 x 37       127            127            0              
 34 x 37       93             93             0              
 35 x 37       102            102            0              
 36 x 37       55             55             0              
 37 x 37       86             86             0              
 38 x 37       188            188            0              
 39 x 37       95             95             0              
 40 x 37       80             80             0              
 41 x 37       68             68             0              
 42 x 37       148            148            0              
 43 x 37       84             84             0              
 44 x 37       108            108            0              
 45 x 37       196            196            0              
 46 x 37       196            196            0              
 47 x 37       197            197            0              
 48 x 37       196            196            0              
 49 x 37       198            198            0              
 50 x 37       196            196            0              
 51 x 37       197            197            0              
 52 x 37       196            196            0              
 53 x 37       199            199            0              
 54 x 37       199            199            0              
 55 x 37       198            198            0              
 56 x 37       197            197            0              
 57 x 37       198            198            0              
 58 x 37       199            199            0              
 59 x 37       198            198            0              
 60 x 37       200            200            0              
 61 x 37       197            197            0              
 62 x 37       196            196            0              
 63 x 37       199            199            0              
 64 x 37       198            198            0              
 65 x 37       196            196            0              
 66 x 37       196            196            0              
 67 x 37       198            198            0              
 68 x 37       198            198            0              
 69 x 37       197            197            0              
 70 x 37       196            196            0              
 71 x 37       196            196            0              
 72 x 37       197            197            0              
 73 x 37       197            197            0              
 74 x 37       197            197            0              
 75 x 37       196            196            0              
 76 x 37       198            198            0              
 77 x 37       196            196            0              
 78 x 37       197            197            0              
 79 x 37       196            196            0              
 80 x 37       198            198            0              
 81 x 37       199            199            0              
 82 x 37       197            197            0              
 83 x 37       199            199            0              
 84 x 37       196            196            0              
 85 x 37       197            197            0              
  0 x 38       105            105            0              
  1 x 38       119            119            0              
  2 x 38       65             65             0              
  3 x 38       115            115            0              
  4 x 38       153            153            0              
  5 x 38       198            198            0              
  6 x 38       198            198            0              
  7 x 38       198            198            0              
  8 x 38       199            199            0              
  9 x 38       198            198            0              
 10 x 38       198            198            0              
 11 x 38       197            197            0              
 12 x 38       196            196            0              
 13 x 38       196            196            0              
 14 x 38       199            199            0              
 15 x 38       198            198            0              
 16 x 38       196            196            0              
 17 x 38       197            197            0              
 18 x 38       199            199            0              
 19 x 38       133            133            0              
 20 x 38       199            199            0              
 21 x 38       193            193            0              
 22 x 38       185            185            0              
 23 x 38       168            168            0              
 24 x 38       93             93             0              
 25 x 38       34             34             0              
 26 x 38       122            122            0              
 27 x 38       106            106            0              
 28 x 38       30             30             0              
 29 x 38       66             66             0              
 30 x 38       94             94             0              
 31 x 38       70             70             0              
 32 x 38       114            114            0              
 33 x 38       96             96             0              
 34 x 38       87             87             0              
 35 x 38       86             86             0              
 36 x 38       186            186            0              
 37 x 38       123            123            0              
 38 x 38       37             37             0              
 39 x 38       71             71             0              
 40 x 38       122            122            0              
 41 x 38       91             91             0              
 42 x 38       96             96             0              
 43 x 38       72             72             0              
 44 x 38       76             76             0              
 45 x 38       148            148            0              
 46 x 38       198            198            0              
 47 x 38       199            199            0              
 48 x 38       196            196            0              
 49 x 38       199            199            0              
 50 x 38       196            196            0              
 51 x 38       196            196            0              
 52 x 38       168            168            0              
 53 x 38       196            196            0              
 54 x 38       197            197            0              
 55 x 38       199            199            0              
 56 x 38       196            196            0              
 57 x 38       198            198            0              
 58 x 38       197            197            0              
 59 x 38       196            196            0              
 60 x 38       197            197            0              
 61 x 38       197            197            0              
 62 x 38       196            196            0              
 63 x 38       196            196            0              
 64 x 38       198            198            0              
 65 x 38       198            198            0              
 66 x 38       197            197            0              
 67 x 38       198            198            0              
 68 x 38       196            196            0              
 69 x 38       197            197            0              
 70 x 38       196            196            0              
 71 x 38       196            196            0              
 72 x 38       196            196            0              
 73 x 38       198            198            0              
 74 x 38       198            198            0              
 75 x 38       198            198            0              
 76 x 38       176            176            0              
 77 x 38       158            158            0              
 78 x 38       197            197            0              
 79 x 38       196            196            0              
 80 x 38       196            196            0              
 81 x 38       198            198            0              
 82 x 38       196            196            0              
 83 x 38       198            198            0              
 84 x 38       197            197            0              
 85 x 38       197            197            0              
  0 x 39       137            137            0              
  1 x 39       106            106            0              
  2 x 39       62             62             0              
  3 x 39       133            133            0              
  4 x 39       130            130            0              
  5 x 39       141            141            0              
  6 x 39       196            196            0              
  7 x 39       196            196            0              
  8 x 39       198            198            0              
  9 x 39       45             45             0              
 10 x 39       197            197            0              
 11 x 39       198            198            0              
 12 x 39       198            198            0              
 13 x 39       197            197            0              
 14 x 39       196            196            0              
 15 x 39       198            198            0              
 16 x 39       197            197            0              
 17 x 39       199            199            0              
 18 x 39       199            199            0              
 19 x 39       198            198            0              
 20 x 39       198            198            0              
 21 x 39       100            100            0              
 22 x 39       133            133            0              
 23 x 39       101            101            0              
 24 x 39       72             72             0              
 25 x 39       115            115            0              
 26 x 39       131            131            0              
 27 x 39       99             99             0              
 28 x 39       161            161            0              
 29 x 39       98             98             0              
 30 x 39       115            115            0              
 31 x 39       112            112            0              
 32 x 39       68             68             0              
 33 x 39       105            105            0              
 34 x 39       103            103            0              
 35 x 39       132            132            0              
 36 x 39       177            177            0              
 37 x 39       197            197            0              
 38 x 39       92             92             0              
 39 x 39       136            136            0              
 40 x 39       137            137            0              
 41 x 39       79             79             0              
 42 x 39       173            173            0              
 43 x 39       29             29             0              
 44 x 39       136            136            0              
 45 x 39       196            196            0              
 46 x 39       196            196            0              
 47 x 39       196            196            0              
 48 x 39       195            195            0              
 49 x 39       199            199            0              
 50 x 39       197            197            0              
 51 x 39       198            198            0              
 52 x 39       198            198            0              
 53 x 39       196            196            0              
 54 x 39       197            197            0              
 55 x 39       199            199            0              
 56 x 39       196            196            0              
 57 x 39       196            196            0              
 58 x 39       197            197            0              
 59 x 39       198            198            0              
 60 x 39       196            196            0              
 61 x 39       196            196            0              
 62 x 39       196            196            0              
 63 x 39       199            199            0              
 64 x 39       199            199            0              
 65 x 39       197            197            0              
 66 x 39       199            199            0              
 67 x 39       197            197            0              
 68 x 39       197            197            0              
 69 x 39       199            199            0              
 70 x 39       197            197            0              
 71 x 39       196            196            0              
 72 x 39       198            198            0              
 73 x 39       197            197            0              
 74 x 39       198            198            0              
 75 x 39       196            196            0              
 76 x 39       197            197            0              
 77 x 39       197            197            0              
 78 x 39       197            197            0              
 79 x 39       197            197            0              
 80 x 39       197            197            0              
 81 x 39       196            196            0              
 82 x 39       196            196            0              
 83 x 39       196            196            0              
 84 x 39       197            197            0              
 85 x 39       196            196            0              
  0 x 40       37             37             0              
  1 x 40       159            159            0              
  2 x 40       85             85             0              
  3 x 40       64             64             0              
  4 x 40       67             67             0              
  5 x 40       133            133            0              
  6 x 40       130            130            0              
  7 x 40       198            198            0              
  8 x 40       198            198            0              
  9 x 40       199            199            0              
 10 x 40       197            197            0              
 11 x 40       196            196            0              
 12 x 40       196            196            0              
 13 x 40       199            199            0              
 14 x 40       196            196            0              
 15 x 40       196            196            0              
 16 x 40       196            196            0              
 17 x 40       198            198            0              
 18 x 40       196            196            0              
 19 x 40       197            197            0              
 20 x 40       198            198            0              
 21 x 40       196            196            0              
 22 x 40       152            152            0              
 23 x 40       83             83             0              
 24 x 40       143            143            0              
 25 x 40       178            178            0              
 26 x 40       143            143            0              
 27 x 40       109            109            0              
 28 x 40       161            161            0              
 29 x 40       77             77             0              
 30 x 40       38             38             0              
 31 x 40       165            165            0              
 32 x 40       193            193            0              
 33 x 40       87             87             0              
 34 x 40       115            115            0              
 35 x 40       71             71             0              
 36 x 40       178            178            0              
 37 x 40       106            106            0              
 38 x 40       73             73             0              
 39 x 40       153            153            0              
 40 x 40       114            114            0              
 41 x 40       107            107            0              
 42 x 40       174            174            0              
 43 x 40       197            197            0              
 44 x 40       177            177            0              
 45 x 40       198            198            0              
 46 x 40       41             41             0              
 47 x 40       118            118            0              
 48 x 40       198            198            0              
 49 x 40       197            197            0              
 50 x 40       199            199            0              
 51 x 40       196            196            0              
 52 x 40       198            198            0              
 53 x 40       197            197            0              
 54 x 40       198            198            0              
 55 x 40       197            197            0              
 56 x 40       197            197            0              
 57 x 40       196            196            0              
 58 x 40       196            196            0              
 59 x 40       197            197            0              
 60 x 40       199            199            0              
 61 x 40       198            198            0              
 62 x 40       197            197            0              
 63 x 40       198            198            0              
 64 x 40       196            196            0              
 65 x 40       196            196            0              
 66 x 40       197            197            0              
 67 x 40       196            196            0              
 68 x 40       197            197            0              
 69 x 40       198            198            0              
 70 x 40       196            196            0              
 71 x 40       197            197            0              
 72 x 40       197            197            0              
 73 x 40       198            198            0              
 74 x 40       199            199            0              
 75 x 40       196            196            0              
 76 x 40       196            196            0              
 77 x 40       198            198            0              
 78 x 40       198            198            0              
 79 x 40       197            197            0              
 80 x 40       197            197            0              
 81 x 40       197            197            0              
 82 x 40       199            199            0              
 83 x 40       196            196            0              
 84 x 40       198            198            0              
 85 x 40       196            196            0              
  0 x 41       92             92             0              
  1 x 41       196            196            0              
  2 x 41       196            196            0              
  3 x 41       84             84             0              
  4 x 41       145            145            0              
  5 x 41       110            110            0              
  6 x 41       79             79             0              
  7 x 41       133            133            0              
  8 x 41       197            197            0              
  9 x 41       196            196            0              
 10 x 41       196            196            0              
 11 x 41       197            197            0              
 12 x 41       197            197            0              
 13 x 41       198            198            0              
 14 x 41       197            197            0              
 15 x 41       198            198            0              
 16 x 41       198            198            0              
 17 x 41       196            196            0              
 18 x 41       198            198            0              
 19 x 41       199            199            0              
 20 x 41       199            199            0              
 21 x 41       196            196            0              
 22 x 41       197            197            0              
 23 x 41       196            196            0              
 24 x 41       96             96             0              
 25 x 41       197            197            0              
 26 x 41       198            198            0              
 27 x 41       119            119            0              
 28 x 41       103            103            0              
 29 x 41       125            125            0              
 30 x 41       84             84             0              
 31 x 41       68             68             0              
 32 x 41       107            107            0              
 33 x 41       55             55             0              
 34 x 41       149            149            0              
 35 x 41       197            197            0              
 36 x 41       198            198            0              
 37 x 41       199            199            0              
 38 x 41       81             81             0              
 39 x 41       109            109            0              
 40 x 41       197            197            0              
 41 x 41       127            127            0              
 42 x 41       172            172            0              
 43 x 41       67             67             0              
 44 x 41       46             46             0              
 45 x 41       73             73             0              
 46 x 41       155            155            0              
 47 x 41       197            197            0              
 48 x 41       196            196            0              
 49 x 41       198            198            0              
 50 x 41       198            198            0              
 51 x 41       196            196            0              
 52 x 41       197            197            0              
 53 x 41       198            198            0              
 54 x 41       196            196            0              
 55 x 41       199            199            0              
 56 x 41       196            196            0              
 57 x 41       197            197            0              
 58 x 41       198            198            0              
 59 x 41       198            198            0              
 60 x 41       196            196            0              
 61 x 41       198            198            0              
 62 x 41       198            198            0              
 63 x 41       197            197            0              
 64 x 41       199            199            0              
 65 x 41       198            198            0              
 66 x 41       197            197            0              
 67 x 41       197            197            0              
 68 x 41       196            196            0              
 69 x 41       197            197            0              
 70 x 41       199            199            0              
 71 x 41       198            198            0              
 72 x 41       197            197            0              
 73 x 41       196            196            0              
 74 x 41       197            197            0              
 75 x 41       198            198            0              
 76 x 41       196            196            0              
 77 x 41       199            199            0              
 78 x 41       197            197            0              
 79 x 41       196            196            0              
 80 x 41       198            198            0              
 81 x 41       196            196            0              
 82 x 41       196            196            0              
 83 x 41       198            198            0              
 84 x 41       196            196            0              
 85 x 41       199            199            0              
  0 x 42       197            197            0              
  1 x 42       197            197            0              
  2 x 42       198            198            0              
  3 x 42       196            196            0              
  4 x 42       198            198            0              
  5 x 42       191            191            0              
  6 x 42       170            170            0              
  7 x 42       198            198            0              
  8 x 42       198            198            0              
  9 x 42       196            196            0              
 10 x 42       196            196            0              
 11 x 42       198            198            0              
 12 x 42       196            196            0              
 13 x 42       196            196            0              
 14 x 42       198            198            0              
 15 x 42       196            196            0              
 16 x 42       198            198            0              
 17 x 42       199            199            0              
 18 x 42       196            196            0              
 19 x 42       199            199            0              
 20 x 42       196            196            0              
 21 x 42       198            198            0              
 22 x 42       194            194            0              
 23 x 42       198            198            0              
 24 x 42       198            198            0              
 25 x 42       196            196            0              
 26 x 42       123            123            0              
 27 x 42       168            168            0              
 28 x 42       115            115            0              
 29 x 42       197            197            0              
 30 x 42       162            162            0              
 31 x 42       169            169            0              
 32 x 42       196            196            0              
 33 x 42       137            137            0              
 34 x 42       64             64             0              
 35 x 42       196            196            0              
 36 x 42       196            196            0              
 37 x 42       196            196            0              
 38 x 42       199            199            0              
 39 x 42       197            197            0              
 40 x 42       197            197            0              
 41 x 42       196            196            0              
 42 x 42       157            157            0              
 43 x 42       125            125            0              
 44 x 42       196            196            0              
 45 x 42       196            196            0              
 46 x 42       197            197            0              
 47 x 42       196            196            0              
 48 x 42       196            196            0              
 49 x 42       196            196            0              
 50 x 42       196            196            0              
 51 x 42       196            196            0              
 52 x 42       198            198            0              
 53 x 42       196            196            0              
 54 x 42       196            196            0              
 55 x 42       196            196            0              
 56 x 42       196            196            0              
 57 x 42       198            198            0              
 58 x 42       198            198            0              
 59 x 42       196            196            0              
 60 x 42       199            199            0              
 61 x 42       197            197            0              
 62 x 42       197            197            0              
 63 x 42       198            198            0              
 64 x 42       198            198            0              
 65 x 42       198            198            0              
 66 x 42       198            198            0              
 67 x 42       198            198            0              
 68 x 42       199            199            0              
 69 x 42       197            197            0              
 70 x 42       196            196            0              
 71 x 42       197            197            0              
 72 x 42       197            197            0              
 73 x 42       197            197            0              
 74 x 42       197            197            0              
 75 x 42       198            198            0              
 76 x 42       198            198            0              
 77 x 42       198            198            0              
 78 x 42       196            196            0              
 79 x 42       196            196            0              
 80 x 42       197            197            0              
 81 x 42       197            197            0              
 82 x 42       199            199            0              
 83 x 42       200            200            0              
 84 x 42       197            197            0              
 85 x 42       198            198            0              
  0 x 43       192            192            0              
  1 x 43       197            197            0              
  2 x 43       198            198            0              
  3 x 43       199            199            0              
  4 x 43       198            198            0              
  5 x 43       198            198            0              
  6 x 43       196            196            0              
  7 x 43       196            196            0              
  8 x 43       198            198            0              
  9 x 43       196            196            0              
 10 x 43       196            196            0              
 11 x 43       197            197            0              
 12 x 43       198            198            0              
 13 x 43       197            197            0              
 14 x 43       199            199            0              
 15 x 43       198            198            0              
 16 x 43       196            196            0              
 17 x 43       198            198            0              
 18 x 43       196            196            0              
 19 x 43       198            198            0              
 20 x 43       199            199            0              
 21 x 43       197            197            0              
 22 x 43       196            196            0              
 23 x 43       196            196            0              
 24 x 43       197            197            0              
 25 x 43       196            196            0              
 26 x 43       199            199            0              
 27 x 43       198            198            0              
 28 x 43       198            198            0              
 29 x 43       197            197            0              
 30 x 43       199            199            0              
 31 x 43       198            198            0              
 32 x 43       197            197            0              
 33 x 43       196            196            0              
 34 x 43       196            196            0              
 35 x 43       199            199            0              
 36 x 43       196            196            0              
 37 x 43       197            197            0              
 38 x 43       200            200            0              
 39 x 43       199            199            0              
 40 x 43       198            198            0              
 41 x 43       10             10             0              
 43 x 43       200            200            0              
 44 x 43       196            196            0              
 45 x 43       197            197            0              
 46 x 43       196            196            0              
 47 x 43       196            196            0              
 48 x 43       196            196            0              
 49 x 43       198            198            0              
 50 x 43       197            197            0              
 51 x 43       196            196            0              
 52 x 43       196            196            0              
 53 x 43       196            196            0              
 54 x 43       198            198            0              
 55 x 43       197            197            0              
 56 x 43       197            197            0              
 57 x 43       198            198            0              
 58 x 43       197            197            0              
 59 x 43       199            199            0              
 60 x 43       198            198            0              
 61 x 43       198            198            0              
 62 x 43       196            196            0              
 63 x 43       197            197            0              
 64 x 43       196            196            0              
 65 x 43       199            199            0              
 66 x 43       198            198            0              
 67 x 43       197            197            0              
 68 x 43       197            197            0              
 69 x 43       197            197            0              
 70 x 43       198            198            0              
 71 x 43       198            198            0              
 72 x 43       200            200            0              
 73 x 43       197            197            0              
 74 x 43       197            197            0              
 75 x 43       198            198            0              
 76 x 43       196            196            0              
 77 x 43       197            197            0              
 78 x 43       198            198            0              
 79 x 43       197            197            0              
 80 x 43       196            196            0              
 81 x 43       199            199            0              
 82 x 43       197            197            0              
 83 x 43       200            200            0              
 84 x 43       197            197            0              
 85 x 43       196            196            0              
  0 x 44       197            197            0              
  1 x 44       196            196            0              
  2 x 44       199            199            0              
  3 x 44       196            196            0              
  4 x 44       197            197            0              
  5 x 44       199            199            0              
  6 x 44       196            196            0              
  7 x 44       196            196            0              
  8 x 44       199            199            0              
  9 x 44       197            197            0              
 10 x 44       197            197            0              
 11 x 44       196            196            0              
 12 x 44       196            196            0              
 13 x 44       198            198            0              
 14 x 44       197            197            0              
 15 x 44       196            196            0              
 16 x 44       196            196            0              
 17 x 44       197            197            0              
 18 x 44       198            198            0              
 19 x 44       196            196            0              
 20 x 44       198            198            0              
 21 x 44       196            196            0              
 22 x 44       199            199            0              
 23 x 44       196            196            0              
 24 x 44       198            198            0              
 25 x 44       199            199            0              
 26 x 44       198            198            0              
 27 x 44       196            196            0              
 28 x 44       198            198            0              
 29 x 44       197            197            0              
 30 x 44       198            198            0              
 31 x 44       197            197            0              
 32 x 44       197            197            0              
 33 x 44       196            196            0              
 34 x 44       197            197            0              
 35 x 44       198            198            0              
 36 x 44       198            198            0              
 37 x 44       196            196            0              
 38 x 44       198            198            0              
 39 x 44       197            197            0              
 40 x 44       199            199            0              
 41 x 44       150            150            0              
 42 x 44       197            197            0              
 43 x 44       199            199            0              
 44 x 44       197            197            0              
 45 x 44       197            197            0              
 46 x 44       196            196            0              
 47 x 44       199            199            0              
 48 x 44       197            197            0              
 49 x 44       196            196            0              
 50 x 44       197            197            0              
 51 x 44       198            198            0              
 52 x 44       196            196            0              
 53 x 44       199            199            0              
 54 x 44       197            197            0              
 55 x 44       196            196            0              
 56 x 44       196            196            0              
 57 x 44       198            198            0              
 58 x 44       198            198            0              
 59 x 44       199            199            0              
 61 x 44       196            196            0              
 62 x 44       196            196            0              
 63 x 44       198            198            0              
 64 x 44       196            196            0              
 65 x 44       196            196            0              
 66 x 44       198            198            0              
 67 x 44       197            197            0              
 68 x 44       198            198            0              
 69 x 44       197            197            0              
 70 x 44       198            198            0              
 71 x 44       198            198            0              
 72 x 44       199            199            0              
 73 x 44       198            198            0              
 74 x 44       196            196            0              
 75 x 44       197            197            0              
 76 x 44       198            198            0              
 77 x 44       196            196            0              
 78 x 44       198            198            0              
 79 x 44       198            198            0              
 80 x 44       197            197            0              
 81 x 44       197            197            0              
 82 x 44       197            197            0              
 83 x 44       196            196            0              
 84 x 44       197            197            0              
 85 x 44       197            197            0              
  0 x 45       196            196            0              
  1 x 45       196            196            0              
  2 x 45       199            199            0              
  3 x 45       199            199            0              
  4 x 45       198            198            0              
  5 x 45       198            198            0              
  6 x 45       197            197            0              
  7 x 45       197            197            0              
  8 x 45       197            197            0              
  9 x 45       197            197            0              
 10 x 45       199            199            0              
 11 x 45       196            196            0              
 12 x 45       197            197            0              
 13 x 45       198            198            0              
 14 x 45       197            197            0              
 15 x 45       198            198            0              
 16 x 45       196            196            0              
 17 x 45       199            199            0              
 18 x 45       198            198            0              
 19 x 45       196            196            0              
 20 x 45       197            197            0              
 21 x 45       196            196            0              
 22 x 45       198            198            0              
 23 x 45       197            197            0              
 24 x 45       197            197            0              
 25 x 45       198            198            0              
 26 x 45       199            199            0              
 27 x 45       197            197            0              
 28 x 45       198            198            0              
 29 x 45       196            196            0              
 30 x 45       196            196            0              
 31 x 45       196            196            0              
 32 x 45       198            198            0              
 33 x 45       198            198            0              
 34 x 45       196            196            0              
 35 x 45       197            197            0              
 36 x 45       198            198            0              
 37 x 45       196            196            0              
 38 x 45       197            197            0              
 39 x 45       197            197            0              
 40 x 45       196            196            0              
 41 x 45       196            196            0              
 42 x 45       196            196            0              
 43 x 45       196            196            0              
 44 x 45       198            198            0              
 45 x 45       196            196            0              
 46 x 45       196            196            0              
 47 x 45       196            196            0              
 48 x 45       197            197            0              
 49 x 45       199            199            0              
 50 x 45       198            198            0              
 51 x 45       196            196            0              
 52 x 45       197            197            0              
 53 x 45       199            199            0              
 54 x 45       198            198            0              
 55 x 45       198            198            0              
 56 x 45       196            196            0              
 57 x 45       199            199            0              
 58 x 45       196            196            0              
 59 x 45       197            197            0              
 61 x 45       196            196            0              
 62 x 45       198            198            0              
 63 x 45       199            199            0              
 64 x 45       197            197            0              
 65 x 45       196            196            0              
 66 x 45       197            197            0              
 67 x 45       196            196            0              
 68 x 45       196            196            0              
 69 x 45       199            199            0              
 70 x 45       197            197            0              
 71 x 45       199            199            0              
 72 x 45       196            196            0              
 73 x 45       197            197            0              
 74 x 45       198            198            0              
 75 x 45       196            196            0              
 76 x 45       198            198            0              
 77 x 45       196            196            0              
 78 x 45       196            196            0              
 79 x 45       197            197            0              
 80 x 45       196            196            0              
 81 x 45       196            196            0              
 82 x 45       196            196            0              
 83 x 45       196            196            0              
 84 x 45       198            198            0              
 85 x 45       198            198            0              
  0 x 46       198            198            0              
  1 x 46       197            197            0              
  2 x 46       199            199            0              
  3 x 46       196            196            0              
  4 x 46       198            198            0              
  5 x 46       199            199            0              
  6 x 46       196            196            0              
  7 x 46       196            196            0              
  8 x 46       198            198            0              
  9 x 46       199            199            0              
 10 x 46       196            196            0              
 11 x 46       196            196            0              
 12 x 46       198            198            0              
 13 x 46       197            197            0              
 14 x 46       197            197            0              
 15 x 46       196            196            0              
 16 x 46       198            198            0              
 17 x 46       199            199            0              
 18 x 46       197            197            0              
 19 x 46       196            196            0              
 20 x 46       196            196            0              
 21 x 46       198            198            0              
 22 x 46       198            198            0              
 23 x 46       198            198            0              
 24 x 46       196            196            0              
 25 x 46       196            196            0              
 26 x 46       198            198            0              
 27 x 46       197            197            0              
 28 x 46       196            196            0              
 29 x 46       197            197            0              
 30 x 46       196            196            0              
 31 x 46       197            197            0              
 32 x 46       196            196            0              
 33 x 46       196            196            0              
 34 x 46       200            200            0              
 35 x 46       197            197            0              
 36 x 46       198            198            0              
 37 x 46       198            198            0              
 38 x 46       198            198            0              
 39 x 46       198            198            0              
 40 x 46       196            196            0              
 41 x 46       196            196            0              
 42 x 46       197            197            0              
 43 x 46       198            198            0              
 44 x 46       197            197            0              
 45 x 46       197            197            0              
 46 x 46       196            196            0              
 47 x 46       196            196            0              
 48 x 46       199            199            0              
 49 x 46       199            199            0              
 50 x 46       199            199            0              
 51 x 46       197            197            0              
 52 x 46       196            196            0              
 53 x 46       198            198            0              
 54 x 46       196            196            0              
 55 x 46       196            196            0              
 56 x 46       197            197            0              
 57 x 46       197            197            0              
 58 x 46       197            197            0              
 59 x 46       196            196            0              
 60 x 46       197            197            0              
 61 x 46       196            196            0              
 62 x 46       198            198            0              
 63 x 46       198            198            0              
 64 x 46       196            196            0              
 65 x 46       196            196            0              
 66 x 46       199            199            0              
 67 x 46       196            196            0              
 68 x 46       197            197            0              
 69 x 46       197            197            0              
 70 x 46       198            198            0              
 71 x 46       196            196            0              
 72 x 46       199            199            0              
 73 x 46       196            196            0              
 74 x 46       199            199            0              
 75 x 46       198            198            0              
 76 x 46       197            197            0              
 77 x 46       196            196            0              
 78 x 46       196            196            0              
 79 x 46       196            196            0              
 80 x 46       198            198            0              
 81 x 46       199            199            0              
 82 x 46       196            196            0              
 83 x 46       198            198            0              
 84 x 46       198            198            0              
 85 x 46       197            197            0              
  0 x 47       198            198            0              
  1 x 47       197            197            0              
  2 x 47       197            197            0              
  3 x 47       198            198            0              
  4 x 47       197            197            0              
  5 x 47       198            198            0              
  6 x 47       199            199            0              
  7 x 47       197            197            0              
  8 x 47       196            196            0              
  9 x 47       199            199            0              
 10 x 47       196            196            0              
 11 x 47       196            196            0              
 12 x 47       197            197            0              
 13 x 47       196            196            0              
 14 x 47       196            196            0              
 15 x 47       197            197            0              
 16 x 47       197            197            0              
 17 x 47       197            197            0              
 18 x 47       198            198            0              
 19 x 47       197            197            0              
 20 x 47       196            196            0              
 21 x 47       198            198            0              
 22 x 47       197            197            0              
 23 x 47       196            196            0              
 24 x 47       198            198            0              
 25 x 47       196            196            0              
 26 x 47       196            196            0              
 27 x 47       196            196            0              
 28 x 47       197            197            0              
 29 x 47       197            197            0              
 30 x 47       196            196            0              
 31 x 47       197            197            0              
 32 x 47       197            197            0              
 33 x 47       198            198            0              
 34 x 47       196            196            0              
 35 x 47       197            197            0              
 36 x 47       199            199            0              
 37 x 47       197            197            0              
 38 x 47       196            196            0              
 39 x 47       199            199            0              
 40 x 47       199            199            0              
 41 x 47       199            199            0              
 42 x 47       197            197            0              
 43 x 47       196            196            0              
 44 x 47       197            197            0              
 45 x 47       196            196            0              
 46 x 47       196            196            0              
 47 x 47       197            197            0              
 48 x 47       198            198            0              
 49 x 47       198            198            0              
 50 x 47       197            197            0              
 51 x 47       198            198            0              
 52 x 47       196            196            0              
 53 x 47       196            196            0              
 54 x 47       197            197            0              
 55 x 47       197            197            0              
 56 x 47       196            196            0              
 57 x 47       197            197            0              
 58 x 47       197            197            0              
 59 x 47       196            196            0              
 60 x 47       196            196            0              
 61 x 47       197            197            0              
 62 x 47       196            196            0              
 63 x 47       196            196            0              
 64 x 47       196            196            0              
 65 x 47       198            198            0              
 66 x 47       196            196            0              
 67 x 47       198            198            0              
 68 x 47       196            196            0              
 69 x 47       199            199            0              
 70 x 47       196            196            0              
 71 x 47       197            197            0              
 72 x 47       197            197            0              
 73 x 47       197            197            0              
 74 x 47       198            198            0              
 75 x 47       197            197            0              
 76 x 47       196            196            0              
 77 x 47       197            197            0              
 78 x 47       199            199            0              
 79 x 47       196            196            0              
 80 x 47       198            198            0              
 81 x 47       196            196            0              
 82 x 47       199            199            0              
 83 x 47       199            199            0              
 84 x 47       197            197            0              
 85 x 47       198            198            0              
  0 x 48       197            197            0              
  1 x 48       199            199            0              
  2 x 48       196            196            0              
  3 x 48       196            196            0              
  4 x 48       197            197            0              
  5 x 48       196            196            0              
  6 x 48       198            198            0              
  7 x 48       197            197            0              
  8 x 48       198            198            0              
  9 x 48       196            196            0              
 10 x 48       198            198            0              
 11 x 48       196            196            0              
 12 x 48       197            197            0              
 13 x 48       197            197            0              
 14 x 48       199            199            0              
 15 x 48       198            198            0              
 16 x 48       196            196            0              
 17 x 48       196            196            0              
 18 x 48       196            196            0              
 19 x 48       199            199            0              
 20 x 48       196            196            0              
 21 x 48       198            198            0              
 22 x 48       199            199            0              
 23 x 48       197            197            0              
 24 x 48       197            197            0              
 25 x 48       196            196            0              
 26 x 48       198            198            0              
 27 x 48       196            196            0              
 28 x 48       197            197            0              
 29 x 48       196            196            0              
 30 x 48       197            197            0              
 31 x 48       197            197            0              
 32 x 48       197            197            0              
 33 x 48       197            197            0              
 34 x 48       196            196            0              
 35 x 48       197            197            0              
 36 x 48       196            196            0              
 37 x 48       198            198            0              
 38 x 48       198            198            0              
 39 x 48       196            196            0              
 40 x 48       196            196            0              
 41 x 48       196            196            0              
 42 x 48       196            196            0              
 43 x 48       198            198            0              
 44 x 48       196            196            0              
 45 x 48       198            198            0              
 46 x 48       197            197            0              
 47 x 48       196            196            0              
 48 x 48       198            198            0              
 49 x 48       197            197            0              
 50 x 48       196            196            0              
 51 x 48       196            196            0              
 52 x 48       197            197            0              
 53 x 48       196            196            0              
 54 x 48       199            199            0              
 55 x 48       197            197            0              
 56 x 48       198            198            0              
 57 x 48       196            196            0              
 58 x 48       199            199            0              
 59 x 48       198            198            0              
 60 x 48       198            198            0              
 61 x 48       198            198            0              
 62 x 48       198            198            0              
 63 x 48       196            196            0              
 64 x 48       196            196            0              
 65 x 48       197            197            0              
 66 x 48       196            196            0              
 67 x 48       199            199            0              
 68 x 48       196            196            0              
 69 x 48       197            197            0              
 70 x 48       196            196            0              
 71 x 48       196            196            0              
 72 x 48       197            197            0              
 73 x 48       196            196            0              
 74 x 48       196            196            0              
 75 x 48       196            196            0              
 76 x 48       198            198            0              
 77 x 48       196            196            0              
 78 x 48       196            196            0              
 79 x 48       197            197            0              
 80 x 48       198            198            0              
 81 x 48       196            196            0              
 82 x 48       199            199            0              
 83 x 48       198            198            0              
 84 x 48       198            198            0              
 85 x 48       196            196            0              
  0 x 49       198            198            0              
  1 x 49       199            199            0              
  2 x 49       197            197            0              
  3 x 49       198            198            0              
  4 x 49       196            196            0              
  5 x 49       196            196            0              
  6 x 49       198            198            0              
  7 x 49       196            196            0              
  8 x 49       199            199            0              
  9 x 49       196            196            0              
 10 x 49       196            196            0              
 11 x 49       197            197            0              
 12 x 49       196            196            0              
 13 x 49       197            197            0              
 14 x 49       198            198            0              
 15 x 49       198            198            0              
 16 x 49       196            196            0              
 17 x 49       196            196            0              
 18 x 49       197            197            0              
 19 x 49       196            196            0              
 20 x 49       132            132            0              
 21 x 49       197            197            0              
 22 x 49       198            198            0              
 23 x 49       197            197            0              
 24 x 49       197            197            0              
 25 x 49       197            197            0              
 26 x 49       198            198            0              
 27 x 49       198            198            0              
 28 x 49       196            196            0              
 29 x 49       199            199            0              
 30 x 49       198            198            0              
 31 x 49       198            198            0              
 32 x 49       198            198            0              
 33 x 49       197            197            0              
 34 x 49       196            196            0              
 35 x 49       198            198            0              
 36 x 49       197            197            0              
 37 x 49       197            197            0              
 38 x 49       197            197            0              
 39 x 49       197            197            0              
 40 x 49       196            196            0              
 41 x 49       196            196            0              
 42 x 49       198            198            0              
 43 x 49       199            199            0              
 44 x 49       197            197            0              
 45 x 49       200            200            0              
 46 x 49       199            199            0              
 47 x 49       196            196            0              
 48 x 49       196            196            0              
 49 x 49       198            198            0              
 50 x 49       196            196            0              
 51 x 49       198            198            0              
 52 x 49       198            198            0              
 53 x 49       197            197            0              
 54 x 49       197            197            0              
 55 x 49       197            197            0              
 56 x 49       197            197            0              
 57 x 49       196            196            0              
 58 x 49       197            197            0              
 59 x 49       196            196            0              
 60 x 49       196            196            0              
 61 x 49       197            197            0              
 62 x 49       196            196            0              
 63 x 49       199            199            0              
 64 x 49       196            196            0              
 65 x 49       197            197            0              
 66 x 49       197            197            0              
 67 x 49       197            197            0              
 68 x 49       196            196            0              
 69 x 49       199            199            0              
 70 x 49       197            197            0              
 71 x 49       197            197            0              
 72 x 49       197            197            0              
 73 x 49       196            196            0              
 74 x 49       199            199            0              
 75 x 49       198            198            0              
 76 x 49       198            198            0              
 77 x 49       198            198            0              
 78 x 49       196            196            0              
 79 x 49       196            196            0              
 80 x 49       196            196            0              
 81 x 49       196            196            0              
 82 x 49       196            196            0              
 83 x 49       198            198            0              
 84 x 49       197            197            0              
 85 x 49       198            198            0              
  0 x 50       199            199            0              
  1 x 50       196            196            0              
  2 x 50       196            196            0              
  3 x 50       199            199            0              
  4 x 50       199            199            0              
  5 x 50       198            198            0              
  6 x 50       196            196            0              
  7 x 50       197            197            0              
  8 x 50       197            197            0              
  9 x 50       197            197            0              
 10 x 50       198            198            0              
 11 x 50       198            198            0              
 12 x 50       198            198            0              
 13 x 50       196            196            0              
 14 x 50       198            198            0              
 15 x 50       197            197            0              
 16 x 50       196            196            0              
 17 x 50       198            198            0              
 18 x 50       196            196            0              
 19 x 50       78             78             0              
 20 x 50       198            198            0              
 21 x 50       58             58             0              
 22 x 50       198            198            0              
 23 x 50       200            200            0              
 24 x 50       197            197            0              
 25 x 50       11             11             0              
 27 x 50       122            122            0              
 28 x 50       196            196            0              
 29 x 50       196            196            0              
 30 x 50       197            197            0              
 31 x 50       197            197            0              
 32 x 50       196            196            0              
 33 x 50       196            196            0              
 34 x 50       197            197            0              
 35 x 50       196            196            0              
 36 x 50       198            198            0              
 37 x 50       198            198            0              
 38 x 50       199            199            0              
 39 x 50       198            198            0              
 40 x 50       196            196            0              
 41 x 50       197            197            0              
 42 x 50       199            199            0              
 43 x 50       197            197            0              
 44 x 50       196            196            0              
 45 x 50       198            198            0              
 46 x 50       199            199            0              
 47 x 50       196            196            0              
 48 x 50       196            196            0              
 49 x 50       196            196            0              
 50 x 50       199            199            0              
 51 x 50       165            165            0              
 52 x 50       152            152            0              
 53 x 50       199            199            0              
 54 x 50       198            198            0              
 55 x 50       196            196            0              
 56 x 50       199            199            0              
 57 x 50       197            197            0              
 58 x 50       198            198            0              
 59 x 50       198            198            0              
 60 x 50       197            197            0              
 61 x 50       196            196            0              
 62 x 50       198            198            0              
 63 x 50       198            198            0              
 64 x 50       199            199            0              
 65 x 50       196            196            0              
 66 x 50       197            197            0              
 67 x 50       198            198            0              
 68 x 50       197            197            0              
 69 x 50       197            197            0              
 70 x 50       197            197            0              
 71 x 50       196            196            0              
 72 x 50       197            197            0              
 73 x 50       198            198            0              
 74 x 50       198            198            0              
 75 x 50       198            198            0              
 76 x 50       197            197            0              
 77 x 50       196            196            0              
 78 x 50       197            197            0              
 79 x 50       196            196            0              
 80 x 50       197            197            0              
 81 x 50       196            196            0              
 82 x 50       197            197            0              
 83 x 50       197            197            0              
 84 x 50       196            196            0              
 85 x 50       197            197            0              
  0 x 51       197            197            0              
  1 x 51       197            197            0              
  2 x 51       196            196            0              
  3 x 51       198            198            0              
  4 x 51       197            197            0              
  5 x 51       197            197            0              
  6 x 51       197            197            0              
  7 x 51       198            198            0              
  8 x 51       197            197            0              
  9 x 51       196            196            0              
 10 x 51       196            196            0              
 11 x 51       198            198            0              
 12 x 51       197            197            0              
 13 x 51       198            198            0              
 14 x 51       197            197            0              
 15 x 51       197            197            0              
 16 x 51       199            199            0              
 17 x 51       196            196            0              
 18 x 51       198            198            0              
 19 x 51       199            199            0              
 20 x 51       196            196            0              
 21 x 51       160            160            0              
 22 x 51       197            197            0              
 23 x 51       196            196            0              
 24 x 51       198            198            0              
 25 x 51       138            138            0              
 29 x 51       2              2              0              
 30 x 51       70             70             0              
 31 x 51       198            198            0              
 32 x 51       196            196            0              
 33 x 51       196            196            0              
 34 x 51       197            197            0              
 35 x 51       197            197            0              
 36 x 51       196            196            0              
 37 x 51       198            198            0              
 38 x 51       196            196            0              
 39 x 51       197            197            0              
 40 x 51       198            198            0              
 41 x 51       198            198            0              
 42 x 51       196            196            0              
 43 x 51       196            196            0              
 44 x 51       199            199            0              
 45 x 51       198            198            0              
 46 x 51       200            200            0              
 47 x 51       196            196            0              
 48 x 51       199            199            0              
 49 x 51       199            199            0              
 50 x 51       196            196            0              
 51 x 51       196            196            0              
 52 x 51       198            198            0              
 53 x 51       197            197            0              
 54 x 51       199            199            0              
 55 x 51       196            196            0              
 56 x 51       196            196            0              
 57 x 51       198            198            0              
 58 x 51       199            199            0              
 59 x 51       198            198            0              
 60 x 51       196            196            0              
 61 x 51       198            198            0              
 62 x 51       198            198            0              
 63 x 51       198            198            0              
 64 x 51       198            198            0              
 65 x 51       196            196            0              
 66 x 51       197            197            0              
 67 x 51       197            197            0              
 68 x 51       197            197            0              
 69 x 51       199            199            0              
 70 x 51       198            198            0              
 71 x 51       198            198            0              
 72 x 51       196            196            0              
 73 x 51       196            196            0              
 74 x 51       196            196            0              
 75 x 51       198            198            0              
 76 x 51       198            198            0              
 77 x 51       198            198            0              
 78 x 51       197            197            0              
 79 x 51       198            198            0              
 80 x 51       198            198            0              
 81 x 51       198            198            0              
 82 x 51       196            196            0              
 83 x 51       198            198            0              
 84 x 51       197            197            0              
 85 x 51       197            197            0              
  0 x 52       196            196            0              
  1 x 52       197            197            0              
  2 x 52       198            198            0              
  3 x 52       198            198            0              
  4 x 52       198            198            0              
  5 x 52       196            196            0              
  6 x 52       197            197            0              
  7 x 52       198            198            0              
  8 x 52       197            197            0              
  9 x 52       198            198            0              
 10 x 52       196            196            0              
 11 x 52       196            196            0              
 12 x 52       197            197            0              
 13 x 52       198            198            0              
 14 x 52       197            197            0              
 15 x 52       199            199            0              
 16 x 52       196            196            0              
 17 x 52       196            196            0              
 18 x 52       196            196            0              
 19 x 52       196            196            0              
 20 x 52       196            196            0              
 21 x 52       199            199            0              
 22 x 52       196            196            0              
 23 x 52       199            199            0              
 24 x 52       198            198            0              
 25 x 52       164            164            0              
 26 x 52       197            197            0              
 27 x 52       52             52             0              
 28 x 52       43             43             0              
 29 x 52       14             14             0              
 31 x 52       7              7              0              
 32 x 52       36             36             0              
 34 x 52       196            196            0              
 35 x 52       197            197            0              
 36 x 52       197            197            0              
 37 x 52       199            199            0              
 38 x 52       197            197            0              
 39 x 52       198            198            0              
 40 x 52       197            197            0              
 41 x 52       196            196            0              
 42 x 52       196            196            0              
 43 x 52       199            199            0              
 44 x 52       199            199            0              
 45 x 52       198            198            0              
 46 x 52       199            199            0              
 47 x 52       198            198            0              
 48 x 52       197            197            0              
 49 x 52       197            197            0              
 50 x 52       197            197            0              
 51 x 52       196            196            0              
 52 x 52       198            198            0              
 53 x 52       198            198            0              
 54 x 52       196            196            0              
 55 x 52       196            196            0              
 56 x 52       197            197            0              
 57 x 52       198            198            0              
 58 x 52       199            199            0              
 59 x 52       197            197            0              
 60 x 52       196            196            0              
 61 x 52       196            196            0              
 62 x 52       197            197            0              
 63 x 52       196            196            0              
 64 x 52       199            199            0              
 65 x 52       196            196            0              
 66 x 52       197            197            0              
 67 x 52       196            196            0              
 68 x 52       196            196            0              
 69 x 52       197            197            0              
 70 x 52       197            197            0              
 71 x 52       198            198            0              
 72 x 52       198            198            0              
 73 x 52       197            197            0              
 74 x 52       196            196            0              
 75 x 52       196            196            0              
 76 x 52       199            199            0              
 77 x 52       196            196            0              
 78 x 52       199            199            0              
 79 x 52       197            197            0              
 80 x 52       198            198            0              
 81 x 52       196            196            0              
 82 x 52       197            197            0              
 83 x 52       197            197            0              
 84 x 52       196            196            0              
 85 x 52       198            198            0              
  0 x 53       197            197            0              
  1 x 53       196            196            0              
  2 x 53       196            196            0              
  3 x 53       198            198            0              
  4 x 53       198            198            0              
  5 x 53       196            196            0              
  6 x 53       198            198            0              
  7 x 53       196            196            0              
  8 x 53       196            196            0              
  9 x 53       198            198            0              
 10 x 53       196            196            0              
 11 x 53       196            196            0              
 12 x 53       197            197            0              
 13 x 53       198            198            0              
 14 x 53       198            198            0              
 15 x 53       197            197            0              
 16 x 53       197            197            0              
 17 x 53       197            197            0              
 18 x 53       198            198            0              
 19 x 53       196            196            0              
 20 x 53       197            197            0              
 21 x 53       196            196            0              
 22 x 53       198            198            0              
 23 x 53       125            125            0              
 24 x 53       198            198            0              
 25 x 53       198            198            0              
 26 x 53       196            196            0              
 27 x 53       57             57             0              
 28 x 53       5              5              0              
 29 x 53       63             63             0              
 30 x 53       86             86             0              
 31 x 53       36             36             0              
 32 x 53       57             57             0              
 34 x 53       110            110            0              
 35 x 53       121            121            0              
 36 x 53       198            198            0              
 37 x 53       196            196            0              
 38 x 53       198            198            0              
 39 x 53       199            199            0              
 40 x 53       198            198            0              
 41 x 53       7              7              0              
 42 x 53       4              4              0              
 43 x 53       11             11             0              
 44 x 53       197            197            0              
 45 x 53       197            197            0              
 46 x 53       197            197            0              
 47 x 53       197            197            0              
 48 x 53       199            199            0              
 49 x 53       197            197            0              
 50 x 53       197            197            0              
 51 x 53       196            196            0              
 52 x 53       196            196            0              
 53 x 53       197            197            0              
 54 x 53       197            197            0              
 55 x 53       196            196            0              
 56 x 53       196            196            0              
 57 x 53       198            198            0              
 58 x 53       134            134            0              
 59 x 53       197            197            0              
 60 x 53       196            196            0              
 61 x 53       200            200            0              
 62 x 53       196            196            0              
 63 x 53       198            198            0              
 64 x 53       197            197            0              
 65 x 53       196            196            0              
 66 x 53       199            199            0              
 67 x 53       198            198            0              
 68 x 53       197            197            0              
 69 x 53       197            197            0              
 70 x 53       197            197            0              
 71 x 53       199            199            0              
 72 x 53       197            197            0              
 73 x 53       197            197            0              
 74 x 53       198            198            0              
 75 x 53       197            197            0              
 76 x 53       198            198            0              
 77 x 53       197            197            0              
 78 x 53       196            196            0              
 79 x 53       197            197            0              
 80 x 53       199            199            0              
 81 x 53       200            200            0              
 82 x 53       196            196            0              
 83 x 53       196            196            0              
 84 x 53       197            197            0              
 85 x 53       197            197            0              
  0 x 54       197            197            0              
  1 x 54       196            196            0              
  2 x 54       198            198            0              
  3 x 54       198            198            0              
  4 x 54       198            198            0              
  5 x 54       198            198            0              
  6 x 54       198            198            0              
  7 x 54       196            196            0              
  8 x 54       197            197            0              
  9 x 54       197            197            0              
 10 x 54       196            196            0              
 11 x 54       196            196            0              
 12 x 54       199            199            0              
 13 x 54       199            199            0              
 14 x 54       197            197            0              
 15 x 54       196            196            0              
 16 x 54       198            198            0              
 17 x 54       196            196            0              
 18 x 54       199            199            0              
 19 x 54       197            197            0              
 20 x 54       198            198            0              
 21 x 54       198            198            0              
 22 x 54       197            197            0              
 23 x 54       198            198            0              
 25 x 54       198            198            0              
 26 x 54       197            197            0              
 27 x 54       198            198            0              
 28 x 54       196            196            0              
 29 x 54       196            196            0              
 30 x 54       144            144            0              
 31 x 54       153            153            0              
 32 x 54       122            122            0              
 33 x 54       126            126            0              
 34 x 54       198            198            0              
 35 x 54       198            198            0              
 36 x 54       197            197            0              
 37 x 54       197            197            0              
 38 x 54       196            196            0              
 39 x 54       198            198            0              
 40 x 54       197            197            0              
 41 x 54       197            197            0              
 42 x 54       198            198            0              
 43 x 54       197            197            0              
 44 x 54       198            198            0              
 45 x 54       197            197            0              
 46 x 54       196            196            0              
 47 x 54       197            197            0              
 48 x 54       198            198            0              
 49 x 54       197            197            0              
 50 x 54       196            196            0              
 51 x 54       197            197            0              
 52 x 54       199            199            0              
 53 x 54       197            197            0              
 54 x 54       198            198            0              
 55 x 54       198            198            0              
 56 x 54       185            185            0              
 57 x 54       200            200            0              
 58 x 54       199            199            0              
 59 x 54       197            197            0              
 60 x 54       198            198            0              
 61 x 54       198            198            0              
 62 x 54       198            198            0              
 63 x 54       198            198            0              
 64 x 54       199            199            0              
 65 x 54       196            196            0              
 66 x 54       197            197            0              
 67 x 54       198            198            0              
 68 x 54       199            199            0              
 69 x 54       196            196            0              
 70 x 54       197            197            0              
 71 x 54       196            196            0              
 72 x 54       198            198            0              
 73 x 54       196            196            0              
 74 x 54       199            199            0              
 75 x 54       196            196            0              
 76 x 54       198            198            0              
 77 x 54       199            199            0              
 78 x 54       197            197            0              
 79 x 54       197            197            0              
 80 x 54       199            199            0              
 81 x 54       196            196            0              
 82 x 54       197            197            0              
 83 x 54       196            196            0              
 84 x 54       196            196            0              
 85 x 54       198            198            0              
  0 x 55       197            197            0              
  1 x 55       198            198            0              
  2 x 55       197            197            0              
  3 x 55       197            197            0              
  4 x 55       198            198            0              
  5 x 55       196            196            0              
  6 x 55       198            198            0              
  7 x 55       196            196            0              
  8 x 55       198            198            0              
  9 x 55       197            197            0              
 10 x 55       197            197            0              
 11 x 55       198            198            0              
 12 x 55       196            196            0              
 13 x 55       197            197            0              
 14 x 55       198            198            0              
 15 x 55       198            198            0              
 16 x 55       199            199            0              
 17 x 55       1              1              0              
 18 x 55       196            196            0              
 19 x 55       197            197            0              
 20 x 55       198            198            0              
 21 x 55       198            198            0              
 22 x 55       198            198            0              
 24 x 55       43             43             0              
 25 x 55       197            197            0              
 26 x 55       196            196            0              
 27 x 55       198            198            0              
 28 x 55       198            198            0              
 29 x 55       197            197            0              
 30 x 55       197            197            0              
 31 x 55       196            196            0              
 32 x 55       197            197            0              
 33 x 55       196            196            0              
 34 x 55       199            199            0              
 35 x 55       199            199            0              
 36 x 55       199            199            0              
 37 x 55       196            196            0              
 38 x 55       198            198            0              
 39 x 55       197            197            0              
 40 x 55       197            197            0              
 41 x 55       197            197            0              
 42 x 55       196            196            0              
 43 x 55       198            198            0              
 44 x 55       199            199            0              
 45 x 55       198            198            0              
 46 x 55       196            196            0              
 47 x 55       198            198            0              
 48 x 55       196            196            0              
 49 x 55       199            199            0              
 50 x 55       197            197            0              
 51 x 55       196            196            0              
 52 x 55       199            199            0              
 53 x 55       198            198            0              
 54 x 55       196            196            0              
 55 x 55       197            197            0              
 56 x 55       196            196            0              
 57 x 55       199            199            0              
 58 x 55       197            197            0              
 59 x 55       197            197            0              
 60 x 55       196            196            0              
 61 x 55       196            196            0              
 62 x 55       196            196            0              
 63 x 55       196            196            0              
 64 x 55       197            197            0              
 65 x 55       196            196            0              
 66 x 55       198            198            0              
 67 x 55       198            198            0              
 68 x 55       197            197            0              
 69 x 55       196            196            0              
 70 x 55       197            197            0              
 71 x 55       197            197            0              
 72 x 55       198            198            0              
 73 x 55       198            198            0              
 74 x 55       197            197            0              
 75 x 55       197            197            0              
 76 x 55       196            196            0              
 77 x 55       198            198            0              
 78 x 55       196            196            0              
 79 x 55       196            196            0              
 80 x 55       198            198            0              
 81 x 55       196            196            0              
 82 x 55       196            196            0              
 83 x 55       197            197            0              
 84 x 55       197            197            0              
 85 x 55       198            198            0              
  0 x 56       196            196            0              
  1 x 56       196            196            0              
  2 x 56       199            199            0              
  3 x 56       197            197            0              
  4 x 56       198            198            0              
  5 x 56       196            196            0              
  6 x 56       198            198            0              
  7 x 56       196            196            0              
  8 x 56       196            196            0              
  9 x 56       199            199            0              
 10 x 56       197            197            0              
 11 x 56       198            198            0              
 12 x 56       197            197            0              
 13 x 56       198            198            0              
 14 x 56       197            197            0              
 15 x 56       197            197            0              
 16 x 56       197            197            0              
 18 x 56       197            197            0              
 19 x 56       196            196            0              
 20 x 56       196            196            0              
 21 x 56       197            197            0              
 22 x 56       198            198            0              
 23 x 56       196            196            0              
 24 x 56       196            196            0              
 25 x 56       198            198            0              
 26 x 56       198            198            0              
 27 x 56       199            199            0              
 28 x 56       198            198            0              
 29 x 56       198            198            0              
 30 x 56       196            196            0              
 31 x 56       199            199            0              
 32 x 56       199            199            0              
 33 x 56       197            197            0              
 34 x 56       196            196            0              
 35 x 56       198            198            0              
 36 x 56       198            198            0              
 37 x 56       198            198            0              
 38 x 56       196            196            0              
 39 x 56       198            198            0              
 40 x 56       196            196            0              
 41 x 56       199            199            0              
 42 x 56       196            196            0              
 43 x 56       196            196            0              
 44 x 56       196            196            0              
 45 x 56       196            196            0              
 46 x 56       198            198            0              
 47 x 56       197            197            0              
 48 x 56       197            197            0              
 49 x 56       197            197            0              
 50 x 56       200            200            0              
 51 x 56       199            199            0              
 52 x 56       196            196            0              
 53 x 56       199            199            0              
 54 x 56       198            198            0              
 55 x 56       196            196            0              
 56 x 56       196            196            0              
 57 x 56       198            198            0              
 58 x 56       198            198            0              
 59 x 56       196            196            0              
 60 x 56       196            196            0              
 61 x 56       198            198            0              
 62 x 56       196            196            0              
 63 x 56       196            196            0              
 64 x 56       196            196            0              
 65 x 56       196            196            0              
 66 x 56       197            197            0              
 67 x 56       196            196            0              
 68 x 56       200            200            0              
 69 x 56       197            197            0              
 70 x 56       197            197            0              
 71 x 56       199            199            0              
 72 x 56       196            196            0              
 73 x 56       198            198            0              
 74 x 56       197            197            0              
 75 x 56       197            197            0              
 76 x 56       199            199            0              
 77 x 56       198            198            0              
 78 x 56       197            197            0              
 79 x 56       199            199            0              
 80 x 56       198            198            0              
 81 x 56       198            198            0              
 82 x 56       196            196            0              
 83 x 56       197            197            0              
 84 x 56       196            196            0              
 85 x 56       196            196            0              
  0 x 57       197            197            0              
  1 x 57       197            197            0              
  2 x 57       198            198            0              
  3 x 57       198            198            0              
  4 x 57       196            196            0              
  5 x 57       196            196            0              
  6 x 57       196            196            0              
  7 x 57       197            197            0              
  8 x 57       196            196            0              
  9 x 57       198            198            0              
 10 x 57       196            196            0              
 11 x 57       199            199            0              
 12 x 57       196            196            0              
 13 x 57       198            198            0              
 14 x 57       197            197            0              
 15 x 57       197            197            0              
 16 x 57       197            197            0              
 17 x 57       197            197            0              
 18 x 57       198            198            0              
 19 x 57       198            198            0              
 20 x 57       196            196            0              
 21 x 57       198            198            0              
 22 x 57       196            196            0              
 23 x 57       197            197            0              
 24 x 57       197            197            0              
 25 x 57       196            196            0              
 26 x 57       198            198            0              
 27 x 57       196            196            0              
 28 x 57       196            196            0              
 29 x 57       197            197            0              
 30 x 57       198            198            0              
 31 x 57       197            197            0              
 32 x 57       199            199            0              
 33 x 57       199            199            0              
 34 x 57       198            198            0              
 35 x 57       197            197            0              
 36 x 57       196            196            0              
 37 x 57       196            196            0              
 38 x 57       199            199            0              
 39 x 57       197            197            0              
 40 x 57       196            196            0              
 41 x 57       197            197            0              
 42 x 57       197            197            0              
 43 x 57       198            198            0              
 44 x 57       198            198            0              
 45 x 57       196            196            0              
 46 x 57       199            199            0              
 47 x 57       197            197            0              
 48 x 57       199            199            0              
 49 x 57       196            196            0              
 50 x 57       196            196            0              
 51 x 57       197            197            0              
 52 x 57       198            198            0              
 53 x 57       198            198            0              
 54 x 57       198            198            0              
 55 x 57       198            198            0              
 56 x 57       196            196            0              
 57 x 57       196            196            0              
 58 x 57       198            198            0              
 59 x 57       197            197            0              
 60 x 57       196            196            0              
 61 x 57       197            197            0              
 62 x 57       196            196            0              
 63 x 57       196            196            0              
 64 x 57       196            196            0              
 65 x 57       196            196            0              
 66 x 57       196            196            0              
 67 x 57       198            198            0              
 68 x 57       197            197            0              
 69 x 57       196            196            0              
 70 x 57       198            198            0              
 71 x 57       196            196            0              
 72 x 57       197            197            0              
 73 x 57       196            196            0              
 74 x 57       197            197            0              
 75 x 57       197            197            0              
 76 x 57       196            196            0              
 77 x 57       199            199            0              
 78 x 57       199            199            0              
 79 x 57       198            198            0              
 80 x 57       196            196            0              
 81 x 57       196            196            0              
 82 x 57       198            198            0              
 83 x 57       197            197            0              
 84 x 57       197            197            0              
 85 x 57       199            199            0              
  0 x 58       198            198            0              
  1 x 58       199            199            0              
  2 x 58       196            196            0              
  3 x 58       198            198            0              
  4 x 58       199            199            0              
  5 x 58       199            199            0              
  6 x 58       196            196            0              
  7 x 58       197            197            0              
  8 x 58       196            196            0              
  9 x 58       198            198            0              
 10 x 58       197            197            0              
 11 x 58       197            197            0              
 12 x 58       198            198            0              
 13 x 58       197            197            0              
 14 x 58       196            196            0              
 15 x 58       197            197            0              
 16 x 58       197            197            0              
 17 x 58       199            199            0              
 18 x 58       196            196            0              
 19 x 58       196            196            0              
 20 x 58       197            197            0              
 21 x 58       198            198            0              
 22 x 58       196            196            0              
 23 x 58       197            197            0              
 24 x 58       196            196            0              
 25 x 58       196            196            0              
 26 x 58       197            197            0              
 27 x 58       198            198            0              
 28 x 58       198            198            0              
 29 x 58       196            196            0              
 30 x 58       196            196            0              
 31 x 58       196            196            0              
 32 x 58       196            196            0              
 33 x 58       197            197            0              
 34 x 58       196            196            0              
 35 x 58       197            197            0              
 36 x 58       198            198            0              
 37 x 58       198            198            0              
 38 x 58       196            196            0              
 39 x 58       199            199            0              
 40 x 58       199            199            0              
 41 x 58       196            196            0              
 42 x 58       196            196            0              
 43 x 58       196            196            0              
 44 x 58       196            196            0              
 45 x 58       196            196            0              
 46 x 58       198            198            0              
 47 x 58       198            198            0              
 48 x 58       199            199            0              
 49 x 58       199            199            0              
 50 x 58       198            198            0              
 51 x 58       196            196            0              
 52 x 58       196            196            0              
 53 x 58       198            198            0              
 54 x 58       196            196            0              
 55 x 58       200            200            0              
 56 x 58       197            197            0              
 57 x 58       197            197            0              
 58 x 58       198            198            0              
 59 x 58       196            196            0              
 60 x 58       196            196            0              
 61 x 58       196            196            0              
 62 x 58       198            198            0              
 63 x 58       197            197            0              
 64 x 58       196            196            0              
 65 x 58       198            198            0              
 66 x 58       197            197            0              
 67 x 58       197            197            0              
 68 x 58       197            197            0              
 69 x 58       197            197            0              
 70 x 58       199            199            0              
 71 x 58       199            199            0              
 72 x 58       198            198            0              
 73 x 58       196            196            0              
 74 x 58       198            198            0              
 75 x 58       198            198            0              
 76 x 58       197            197            0              
 77 x 58       198            198            0              
 78 x 58       198            198            0              
 79 x 58       196            196            0              
 80 x 58       197            197            0              
 81 x 58       197            197            0              
 82 x 58       198            198            0              
 83 x 58       198            198            0              
 84 x 58       196            196            0              
 85 x 58       196            196            0              
  0 x 59       196            196            0              
  1 x 59       197            197            0              
  2 x 59       196            196            0              
  3 x 59       196            196            0              
  4 x 59       197            197            0              
  5 x 59       198            198            0              
  6 x 59       196            196            0              
  7 x 59       198            198            0              
  8 x 59       196            196            0              
  9 x 59       176            176            0              
 10 x 59       198            198            0              
 11 x 59       197            197            0              
 12 x 59       196            196            0              
 13 x 59       196            196            0              
 14 x 59       196            196            0              
 15 x 59       197            197            0              
 16 x 59       197            197            0              
 17 x 59       198            198            0              
 18 x 59       197            197            0              
 19 x 59       196            196            0              
 20 x 59       196            196            0              
 21 x 59       197            197            0              
 22 x 59       198            198            0              
 23 x 59       199            199            0              
 24 x 59       196            196            0              
 25 x 59       196            196            0              
 26 x 59       197            197            0              
 27 x 59       196            196            0              
 28 x 59       196            196            0              
 29 x 59       197            197            0              
 30 x 59       197            197            0              
 31 x 59       199            199            0              
 32 x 59       199            199            0              
 33 x 59       198            198            0              
 34 x 59       196            196            0              
 35 x 59       197            197            0              
 36 x 59       196            196            0              
 37 x 59       198            198            0              
 38 x 59       196            196            0              
 39 x 59       198            198            0              
 40 x 59       196            196            0              
 41 x 59       199            199            0              
 42 x 59       199            199            0              
 43 x 59       198            198            0              
 44 x 59       197            197            0              
 45 x 59       198            198            0              
 46 x 59       196            196            0              
 47 x 59       198            198            0              
 48 x 59       198            198            0              
 49 x 59       197            197            0              
 50 x 59       197            197            0              
 51 x 59       197            197            0              
 52 x 59       196            196            0              
 53 x 59       197            197            0              
 54 x 59       199            199            0              
 55 x 59       197            197            0              
 56 x 59       196            196            0              
 57 x 59       196            196            0              
 58 x 59       107            107            0              
 60 x 59       69             69             0              
 61 x 59       196            196            0              
 62 x 59       198            198            0              
 63 x 59       196            196            0              
 64 x 59       196            196            0              
 65 x 59       199            199            0              
 66 x 59       196            196            0              
 67 x 59       197            197            0              
 68 x 59       196            196            0              
 69 x 59       199            199            0              
 70 x 59       197            197            0              
 71 x 59       197            197            0              
 72 x 59       197            197            0              
 73 x 59       196            196            0              
 74 x 59       196            196            0              
 75 x 59       199            199            0              
 76 x 59       196            196            0              
 77 x 59       197            197            0              
 78 x 59       197            197            0              
 79 x 59       197            197            0              
 80 x 59       198            198            0              
 81 x 59       197            197            0              
 82 x 59       197            197            0              
 83 x 59       197            197            0              
 84 x 59       197            197            0              
 85 x 59       196            196            0              
  0 x 60       200            200            0              
  1 x 60       199            199            0              
  2 x 60       196            196            0              
  3 x 60       198            198            0              
  4 x 60       196            196            0              
  5 x 60       197            197            0              
  6 x 60       196            196            0              
  7 x 60       197            197            0              
  8 x 60       196            196            0              
  9 x 60       196            196            0              
 10 x 60       189            189            0              
 11 x 60       197            197            0              
 12 x 60       198            198            0              
 13 x 60       197            197            0              
 14 x 60       196            196            0              
 15 x 60       198            198            0              
 16 x 60       197            197            0              
 17 x 60       198            198            0              
 18 x 60       198            198            0              
 19 x 60       196            196            0              
 20 x 60       198            198            0              
 21 x 60       197            197            0              
 22 x 60       197            197            0              
 23 x 60       198            198            0              
 24 x 60       198            198            0              
 25 x 60       196            196            0              
 26 x 60       197            197            0              
 27 x 60       198            198            0              
 28 x 60       196            196            0              
 29 x 60       196            196            0              
 30 x 60       198            198            0              
 31 x 60       199            199            0              
 32 x 60       197            197            0              
 33 x 60       197            197            0              
 34 x 60       197            197            0              
 35 x 60       199            199            0              
 36 x 60       196            196            0              
 37 x 60       197            197            0              
 38 x 60       197            197            0              
 39 x 60       197            197            0              
 40 x 60       196            196            0              
 41 x 60       198            198            0              
 42 x 60       196            196            0              
 43 x 60       196            196            0              
 44 x 60       199            199            0              
 45 x 60       197            197            0              
 46 x 60       196            196            0              
 47 x 60       198            198            0              
 48 x 60       196            196            0              
 49 x 60       198            198            0              
 50 x 60       196            196            0              
 51 x 60       198            198            0              
 52 x 60       196            196            0              
 53 x 60       199            199            0              
 54 x 60       197            197            0              
 55 x 60       198            198            0              
 56 x 60       198            198            0              
 57 x 60       199            199            0              
 58 x 60       196            196            0              
 59 x 60       5              5              0              
 62 x 60       82             82             0              
 63 x 60       197            197            0              
 64 x 60       198            198            0              
 65 x 60       196            196            0              
 66 x 60       197            197            0              
 67 x 60       198            198            0              
 68 x 60       198            198            0              
 69 x 60       197            197            0              
 70 x 60       198            198            0              
 71 x 60       199            199            0              
 72 x 60       196            196            0              
 73 x 60       199            199            0              
 74 x 60       197            197            0              
 75 x 60       196            196            0              
 76 x 60       197            197            0              
 77 x 60       198            198            0              
 78 x 60       199            199            0              
 79 x 60       196            196            0              
 80 x 60       197            197            0              
 81 x 60       197            197            0              
 82 x 60       196            196            0              
 83 x 60       197            197            0              
 84 x 60       198            198            0              
 85 x 60       199            199            0              
  0 x 61       196            196            0              
  1 x 61       198            198            0              
  2 x 61       196            196            0              
  3 x 61       197            197            0              
  4 x 61       198            198            0              
  5 x 61       196            196            0              
  6 x 61       199            199            0              
  7 x 61       196            196            0              
  8 x 61       199            199            0              
  9 x 61       197            197            0              
 10 x 61       196            196            0              
 11 x 61       197            197            0              
 12 x 61       196            196            0              
 13 x 61       199            199            0              
 14 x 61       198            198            0              
 15 x 61       199            199            0              
 16 x 61       196            196            0              
 17 x 61       197            197            0              
 18 x 61       197            197            0              
 19 x 61       197            197            0              
 20 x 61       198            198            0              
 21 x 61       197            197            0              
 22 x 61       198            198            0              
 23 x 61       198            198            0              
 24 x 61       196            196            0              
 25 x 61       199            199            0              
 26 x 61       197            197            0              
 27 x 61       198            198            0              
 28 x 61       197            197            0              
 29 x 61       198            198            0              
 30 x 61       196            196            0              
 31 x 61       196            196            0              
 32 x 61       198            198            0              
 33 x 61       197            197            0              
 34 x 61       198            198            0              
 35 x 61       196            196            0              
 36 x 61       196            196            0              
 37 x 61       196            196            0              
 38 x 61       199            199            0              
 39 x 61       197            197            0              
 40 x 61       198            198            0              
 41 x 61       198            198            0              
 42 x 61       199            199            0              
 43 x 61       196            196            0              
 44 x 61       196            196            0              
 45 x 61       198            198            0              
 46 x 61       198            198            0              
 47 x 61       199            199            0              
 48 x 61       197            197            0              
 49 x 61       196            196            0              
 50 x 61       197            197            0              
 51 x 61       198            198            0              
 52 x 61       197            197            0              
 53 x 61       196            196            0              
 54 x 61       196            196            0              
 55 x 61       198            198            0              
 56 x 61       198            198            0              
 57 x 61       199            199            0              
 58 x 61       197            197            0              
 59 x 61       198            198            0              
 63 x 61       197            197            0              
 64 x 61       198            198            0              
 65 x 61       196            196            0              
 66 x 61       196            196            0              
 67 x 61       198            198            0              
 68 x 61       196            196            0              
 69 x 61       196            196            0              
 70 x 61       196            196            0              
 71 x 61       196            196            0              
 72 x 61       196            196            0              
 73 x 61       197            197            0              
 74 x 61       197            197            0              
 75 x 61       197            197            0              
 76 x 61       198            198            0              
 77 x 61       198            198            0              
 78 x 61       198            198            0              
 79 x 61       198            198            0              
 80 x 61       197            197            0              
 81 x 61       199            199            0              
 82 x 61       197            197            0              
 83 x 61       196            196            0              
 84 x 61       198            198            0              
 85 x 61       196            196            0              
  0 x 62       199            199            0              
  1 x 62       198            198            0              
  2 x 62       196            196            0              
  3 x 62       197            197            0              
  4 x 62       197            197            0              
  5 x 62       199            199            0              
  6 x 62       197            197            0              
  7 x 62       199            199            0              
  8 x 62       196            196            0              
  9 x 62       196            196            0              
 10 x 62       196            196            0              
 11 x 62       198            198            0              
 12 x 62       197            197            0              
 13 x 62       197            197            0              
 14 x 62       198            198            0              
 15 x 62       196            196            0              
 16 x 62       196            196            0              
 17 x 62       199            199            0              
 18 x 62       199            199            0              
 19 x 62       196            196            0              
 20 x 62       199            199            0              
 21 x 62       196            196            0              
 22 x 62       197            197            0              
 23 x 62       198            198            0              
 24 x 62       197            197            0              
 25 x 62       199            199            0              
 26 x 62       196            196            0              
 27 x 62       196            196            0              
 28 x 62       198            198            0              
 29 x 62       196            196            0              
 30 x 62       197            197            0              
 31 x 62       198            198            0              
 32 x 62       197            197            0              
 33 x 62       197            197            0              
 34 x 62       197            197            0              
 35 x 62       198            198            0              
 36 x 62       198            198            0              
 37 x 62       199            199            0              
 38 x 62       197            197            0              
 39 x 62       196            196            0              
 40 x 62       198            198            0              
 41 x 62       198            198            0              
 42 x 62       197            197            0              
 43 x 62       197            197            0              
 44 x 62       197            197            0              
 45 x 62       198            198            0              
 46 x 62       198            198            0              
 47 x 62       199            199            0              
 48 x 62       199            199            0              
 49 x 62       198            198            0              
 50 x 62       197            197            0              
 51 x 62       197            197            0              
 52 x 62       196            196            0              
 53 x 62       197            197            0              
 54 x 62       199            199            0              
 55 x 62       197            197            0              
 56 x 62       196            196            0              
 57 x 62       197            197            0              
 58 x 62       198            198            0              
 59 x 62       196            196            0              
 60 x 62       34             34             0              
 62 x 62       136            136            0              
 63 x 62       197            197            0              
 64 x 62       197            197            0              
 65 x 62       197            197            0              
 66 x 62       199            199            0              
 67 x 62       199            199            0              
 68 x 62       196            196            0              
 69 x 62       197            197            0              
 70 x 62       196            196            0              
 71 x 62       197            197            0              
 72 x 62       196            196            0              
 73 x 62       197            197            0              
 74 x 62       198            198            0              
 75 x 62       197            197            0              
 76 x 62       196            196            0              
 77 x 62       199            199            0              
 78 x 62       198            198            0              
 79 x 62       197            197            0              
 80 x 62       200            200            0              
 81 x 62       196            196            0              
 82 x 62       199            199            0              
 83 x 62       197            197            0              
 84 x 62       197            197            0              
 85 x 62       197            197            0              
  0 x 63       197            197            0              
  1 x 63       196            196            0              
  2 x 63       197            197            0              
  3 x 63       197            197            0              
  4 x 63       196            196            0              
  5 x 63       196            196            0              
  6 x 63       199            199            0              
  7 x 63       196            196            0              
  8 x 63       198            198            0              
  9 x 63       197            197            0              
 10 x 63       196            196            0              
 11 x 63       197            197            0              
 12 x 63       197            197            0              
 13 x 63       197            197            0              
 14 x 63       197            197            0              
 15 x 63       197            197            0              
 16 x 63       198            198            0              
 17 x 63       198            198            0              
 18 x 63       197            197            0              
 19 x 63       197            197            0              
 20 x 63       196            196            0              
 21 x 63       196            196            0              
 22 x 63       198            198            0              
 23 x 63       196            196            0              
 24 x 63       197            197            0              
 25 x 63       199            199            0              
 26 x 63       197            197            0              
 27 x 63       198            198            0              
 28 x 63       197            197            0              
 29 x 63       199            199            0              
 30 x 63       198            198            0              
 31 x 63       198            198            0              
 32 x 63       198            198            0              
 33 x 63       197            197            0              
 34 x 63       198            198            0              
 35 x 63       198            198            0              
 36 x 63       197            197            0              
 37 x 63       196            196            0              
 38 x 63       199            199            0              
 39 x 63       199            199            0              
 40 x 63       197            197            0              
 41 x 63       198            198            0              
 42 x 63       196            196            0              
 43 x 63       198            198            0              
 44 x 63       196            196            0              
 45 x 63       197            197            0              
 46 x 63       196            196            0              
 47 x 63       196            196            0              
 48 x 63       198            198            0              
 49 x 63       198            198            0              
 50 x 63       199            199            0              
 51 x 63       196            196            0              
 52 x 63       197            197            0              
 53 x 63       196            196            0              
 54 x 63       196            196            0              
 55 x 63       196            196            0              
 56 x 63       198            198            0              
 57 x 63       198            198            0              
 58 x 63       198            198            0              
 59 x 63       199            199            0              
 60 x 63       196            196            0              
 61 x 63       197            197            0              
 62 x 63       197            197            0              
 63 x 63       196            196            0              
 64 x 63       196            196            0              
 65 x 63       197            197            0              
 66 x 63       198            198            0              
 67 x 63       198            198            0              
 68 x 63       197            197            0              
 69 x 63       198            198            0              
 70 x 63       198            198            0              
 71 x 63       198            198            0              
 72 x 63       199            199            0              
 73 x 63       198            198            0              
 74 x 63       196            196            0              
 75 x 63       197            197            0              
 76 x 63       198            198            0              
 77 x 63       196            196            0              
 78 x 63       199            199            0              
 79 x 63       197            197            0              
 80 x 63       196            196            0              
 81 x 63       196            196            0              
 82 x 63       196            196            0              
 83 x 63       198            198            0              
 84 x 63       198            198            0              
 85 x 63       198            198            0              
  0 x 64       196            196            0              
  1 x 64       196            196            0              
  2 x 64       197            197            0              
  3 x 64       199            199            0              
  4 x 64       197            197            0              
  5 x 64       197            197            0              
  6 x 64       198            198            0              
  7 x 64       198            198            0              
  8 x 64       199            199            0              
  9 x 64       197            197            0              
 10 x 64       197            197            0              
 11 x 64       198            198            0              
 12 x 64       198            198            0              
 13 x 64       196            196            0              
 14 x 64       196            196            0              
 15 x 64       197            197            0              
 16 x 64       196            196            0              
 17 x 64       196            196            0              
 18 x 64       197            197            0              
 19 x 64       196            196            0              
 20 x 64       198            198            0              
 21 x 64       197            197            0              
 22 x 64       198            198            0              
 23 x 64       196            196            0              
 24 x 64       196            196            0              
 25 x 64       196            196            0              
 26 x 64       197            197            0              
 27 x 64       198            198            0              
 28 x 64       196            196            0              
 29 x 64       199            199            0              
 30 x 64       197            197            0              
 31 x 64       196            196            0              
 32 x 64       197            197            0              
 33 x 64       197            197            0              
 34 x 64       198            198            0              
 35 x 64       196            196            0              
 36 x 64       198            198            0              
 37 x 64       198            198            0              
 38 x 64       198            198            0              
 39 x 64       197            197            0              
 40 x 64       196            196            0              
 41 x 64       196            196            0              
 42 x 64       196            196            0              
 43 x 64       199            199            0              
 44 x 64       198            198            0              
 45 x 64       196            196            0              
 46 x 64       197            197            0              
 47 x 64       198            198            0              
 48 x 64       198            198            0              
 49 x 64       197            197            0              
 50 x 64       197            197            0              
 51 x 64       197            197            0              
 52 x 64       197            197            0              
 53 x 64       197            197            0              
 54 x 64       196            196            0              
 55 x 64       196            196            0              
 56 x 64       197            197            0              
 57 x 64       196            196            0              
 58 x 64       199            199            0              
 59 x 64       198            198            0              
 60 x 64       197            197            0              
 61 x 64       196            196            0              
 62 x 64       198            198            0              
 63 x 64       196            196            0              
 64 x 64       196            196            0              
 65 x 64       196            196            0              
 66 x 64       196            196            0              
 67 x 64       199            199            0              
 68 x 64       198            198            0              
 69 x 64       199            199            0              
 70 x 64       198            198            0              
 71 x 64       198            198            0              
 72 x 64       199            199            0              
 73 x 64       198            198            0              
 74 x 64       197            197            0              
 75 x 64       197            197            0              
 76 x 64       199            199            0              
 77 x 64       196            196            0              
 78 x 64       196            196            0              
 79 x 64       196            196            0              
 80 x 64       198            198            0              
 81 x 64       199            199            0              
 82 x 64       197            197            0              
 83 x 64       196            196            0              
 84 x 64       196            196            0              
 85 x 64       196            196            0              
  0 x 65       197            197            0              
  1 x 65       197            197            0              
  2 x 65       197            197            0              
  3 x 65       198            198            0              
  4 x 65       196            196            0              
  5 x 65       199            199            0              
  6 x 65       196            196            0              
  7 x 65       196            196            0              
  8 x 65       199            199            0              
  9 x 65       199            199            0              
 10 x 65       196            196            0              
 11 x 65       197            197            0              
 12 x 65       198            198            0              
 13 x 65       199            199            0              
 14 x 65       199            199            0              
 15 x 65       197            197            0              
 16 x 65       197            197            0              
 17 x 65       197            197            0              
 18 x 65       197            197            0              
 19 x 65       196            196            0              
 20 x 65       196            196            0              
 21 x 65       197            197            0              
 22 x 65       197            197            0              
 23 x 65       196            196            0              
 24 x 65       196            196            0              
 25 x 65       198            198            0              
 26 x 65       196            196            0              
 27 x 65       199            199            0              
 28 x 65       196            196            0              
 29 x 65       196            196            0              
 30 x 65       197            197            0              
 31 x 65       197            197            0              
 32 x 65       196            196            0              
 33 x 65       196            196            0              
 34 x 65       196            196            0              
 35 x 65       196            196            0              
 36 x 65       196            196            0              
 37 x 65       198            198            0              
 38 x 65       196            196            0              
 39 x 65       196            196            0              
 40 x 65       198            198            0              
 41 x 65       196            196            0              
 42 x 65       198            198            0              
 43 x 65       198            198            0              
 44 x 65       196            196            0              
 45 x 65       196            196            0              
 46 x 65       198            198            0              
 47 x 65       197            197            0              
 48 x 65       196            196            0              
 49 x 65       196            196            0              
 50 x 65       198            198            0              
 51 x 65       199            199            0              
 52 x 65       198            198            0              
 53 x 65       196            196            0              
 54 x 65       196            196            0              
 55 x 65       197            197            0              
 56 x 65       196            196            0              
 57 x 65       199            199            0              
 58 x 65       200            200            0              
 59 x 65       197            197            0              
 60 x 65       198            198            0              
 61 x 65       197            197            0              
 62 x 65       196            196            0              
 63 x 65       198            198            0              
 64 x 65       196            196            0              
 65 x 65       198            198            0              
 66 x 65       196            196            0              
 67 x 65       198            198            0              
 68 x 65       196            196            0              
 69 x 65       197            197            0              
 70 x 65       196            196            0              
 71 x 65       196            196            0              
 72 x 65       197            197            0              
 73 x 65       196            196            0              
 74 x 65       196            196            0              
 75 x 65       138            138            0              
 76 x 65       199            199            0              
 77 x 65       198            198            0              
 78 x 65       197            197            0              
 79 x 65       197            197            0              
 80 x 65       199            199            0              
 81 x 65       197            197            0              
 82 x 65       199            199            0              
 83 x 65       198            198            0              
 84 x 65       198            198            0              
 85 x 65       199            199            0              
  0 x 66       197            197            0              
  1 x 66       198            198            0              
  2 x 66       198            198            0              
  3 x 66       196            196            0              
  4 x 66       198            198            0              
  5 x 66       198            198            0              
  6 x 66       196            196            0              
  7 x 66       198            198            0              
  8 x 66       196            196            0              
  9 x 66       197            197            0              
 10 x 66       198            198            0              
 11 x 66       198            198            0              
 12 x 66       196            196            0              
 13 x 66       197            197            0              
 14 x 66       196            196            0              
 15 x 66       199            199            0              
 16 x 66       199            199            0              
 17 x 66       198            198            0              
 18 x 66       197            197            0              
 19 x 66       198            198            0              
 20 x 66       198            198            0              
 21 x 66       198            198            0              
 22 x 66       196            196            0              
 23 x 66       196            196            0              
 24 x 66       196            196            0              
 25 x 66       197            197            0              
 26 x 66       199            199            0              
 27 x 66       197            197            0              
 28 x 66       198            198            0              
 29 x 66       198            198            0              
 30 x 66       197            197            0              
 31 x 66       197            197            0              
 32 x 66       197            197            0              
 33 x 66       196            196            0              
 34 x 66       197            197            0              
 35 x 66       198            198            0              
 36 x 66       198            198            0              
 37 x 66       197            197            0              
 38 x 66       199            199            0              
 39 x 66       197            197            0              
 40 x 66       198            198            0              
 41 x 66       197            197            0              
 42 x 66       198            198            0              
 43 x 66       199            199            0              
 44 x 66       198            198            0              
 45 x 66       199            199            0              
 46 x 66       197            197            0              
 47 x 66       200            200            0              
 48 x 66       197            197            0              
 49 x 66       198            198            0              
 50 x 66       196            196            0              
 51 x 66       198            198            0              
 52 x 66       196            196            0              
 53 x 66       196            196            0              
 54 x 66       199            199            0              
 55 x 66       199            199            0              
 56 x 66       199            199            0              
 57 x 66       198            198            0              
 58 x 66       197            197            0              
 59 x 66       199            199            0              
 60 x 66       197            197            0              
 61 x 66       196            196            0              
 62 x 66       198            198            0              
 63 x 66       197            197            0              
 64 x 66       197            197            0              
 65 x 66       196            196            0              
 66 x 66       198            198            0              
 67 x 66       199            199            0              
 68 x 66       198            198            0              
 69 x 66       196            196            0              
 70 x 66       197            197            0              
 71 x 66       196            196            0              
 72 x 66       197            197            0              
 73 x 66       196            196            0              
 76 x 66       93             93             0              
 77 x 66       197            197            0              
 78 x 66       198            198            0              
 79 x 66       196            196            0              
 80 x 66       196            196            0              
 81 x 66       197            197            0              
 82 x 66       199            199            0              
 83 x 66       196            196            0              
 84 x 66       199            199            0              
 85 x 66       197            197            0              
  0 x 67       196            196            0              
  1 x 67       197            197            0              
  2 x 67       199            199            0              
  3 x 67       197            197            0              
  4 x 67       156            156            0              
  7 x 67       62             62             0              
  8 x 67       196            196            0              
  9 x 67       198            198            0              
 10 x 67       196            196            0              
 11 x 67       199            199            0              
 12 x 67       196            196            0              
 13 x 67       196            196            0              
 14 x 67       197            197            0              
 15 x 67       197            197            0              
 16 x 67       197            197            0              
 17 x 67       197            197            0              
 18 x 67       198            198            0              
 19 x 67       196            196            0              
 20 x 67       197            197            0              
 21 x 67       198            198            0              
 22 x 67       196            196            0              
 23 x 67       198            198            0              
 24 x 67       197            197            0              
 25 x 67       198            198            0              
 26 x 67       197            197            0              
 27 x 67       199            199            0              
 28 x 67       196            196            0              
 29 x 67       199            199            0              
 30 x 67       196            196            0              
 31 x 67       197            197            0              
 32 x 67       196            196            0              
 33 x 67       197            197            0              
 34 x 67       196            196            0              
 35 x 67       197            197            0              
 36 x 67       198            198            0              
 37 x 67       196            196            0              
 38 x 67       197            197            0              
 39 x 67       196            196            0              
 40 x 67       196            196            0              
 41 x 67       196            196            0              
 42 x 67       198            198            0              
 43 x 67       196            196            0              
 44 x 67       197            197            0              
 45 x 67       198            198            0              
 46 x 67       197            197            0              
 47 x 67       198            198            0              
 48 x 67       196            196            0              
 49 x 67       197            197            0              
 50 x 67       199            199            0              
 51 x 67       196            196            0              
 52 x 67       199            199            0              
 53 x 67       196            196            0              
 54 x 67       196            196            0              
 55 x 67       196            196            0              
 56 x 67       196            196            0              
 57 x 67       196            196            0              
 58 x 67       196            196            0              
 59 x 67       196            196            0              
 60 x 67       197            197            0              
 61 x 67       196            196            0              
 62 x 67       197            197            0              
 63 x 67       197            197            0              
 64 x 67       196            196            0              
 65 x 67       198            198            0              
 66 x 67       197            197            0              
 67 x 67       198            198            0              
 68 x 67       198            198            0              
 69 x 67       196            196            0              
 70 x 67       196            196            0              
 71 x 67       196            196            0              
 72 x 67       197            197            0              
 73 x 67       197            197            0              
 74 x 67       197            197            0              
 75 x 67       197            197            0              
 76 x 67       198            198            0              
 77 x 67       196            196            0              
 78 x 67       197            197            0              
 79 x 67       198            198            0              
 80 x 67       198            198            0              
 81 x 67       196            196            0              
 82 x 67       197            197            0              
 83 x 67       197            197            0              
 84 x 67       197            197            0              
 85 x 67       196            196            0              
  0 x 68       197            197            0              
  1 x 68       196            196            0              
  2 x 68       198            198            0              
  3 x 68       196            196            0              
  5 x 68       67             67             0              
  6 x 68       196            196            0              
  7 x 68       196            196            0              
  8 x 68       199            199            0              
  9 x 68       198            198            0              
 10 x 68       198            198            0              
 11 x 68       196            196            0              
 12 x 68       198            198            0              
 13 x 68       196            196            0              
 14 x 68       199            199            0              
 15 x 68       196            196            0              
 16 x 68       197            197            0              
 17 x 68       198            198            0              
 18 x 68       197            197            0              
 19 x 68       198            198            0              
 20 x 68       196            196            0              
 21 x 68       197            197            0              
 22 x 68       199            199            0              
 23 x 68       197            197            0              
 24 x 68       198            198            0              
 25 x 68       198            198            0              
 26 x 68       196            196            0              
 27 x 68       199            199            0              
 28 x 68       200            200            0              
 29 x 68       197            197            0              
 30 x 68       197            197            0              
 31 x 68       196            196            0              
 32 x 68       197            197            0              
 33 x 68       196            196            0              
 34 x 68       197            197            0              
 35 x 68       196            196            0              
 36 x 68       198            198            0              
 37 x 68       197            197            0              
 38 x 68       199            199            0              
 39 x 68       197            197            0              
 40 x 68       197            197            0              
 41 x 68       198            198            0              
 42 x 68       196            196            0              
 43 x 68       198            198            0              
 44 x 68       197            197            0              
 45 x 68       198            198            0              
 46 x 68       198            198            0              
 47 x 68       197            197            0              
 48 x 68       198            198            0              
 49 x 68       198            198            0              
 50 x 68       197            197            0              
 51 x 68       198            198            0              
 52 x 68       199            199            0              
 53 x 68       196            196            0              
 54 x 68       196            196            0              
 55 x 68       197            197            0              
 56 x 68       198            198            0              
 57 x 68       198            198            0              
 58 x 68       200            200            0              
 59 x 68       198            198            0              
 60 x 68       199            199            0              
 61 x 68       196            196            0              
 62 x 68       196            196            0              
 63 x 68       196            196            0              
 64 x 68       198            198            0              
 65 x 68       197            197            0              
 66 x 68       196            196            0              
 67 x 68       198            198            0              
 68 x 68       196            196            0              
 69 x 68       198            198            0              
 70 x 68       196            196            0              
 71 x 68       199            199            0              
 72 x 68       196            196            0              
 73 x 68       197            197            0              
 74 x 68       198            198            0              
 75 x 68       197            197            0              
 76 x 68       196            196            0              
 77 x 68       197            197            0              
 78 x 68       197            197            0              
 79 x 68       197            197            0              
 80 x 68       198            198            0              
 81 x 68       197            197            0              
 82 x 68       198            198            0              
 83 x 68       199            199            0              
 84 x 68       197            197            0              
 85 x 68       196            196            0              
  0 x 69       198            198            0              
  1 x 69       197            197            0              
  2 x 69       198            198            0              
  3 x 69       198            198            0              
  4 x 69       197            197            0              
  5 x 69       196            196            0              
  6 x 69       197            197            0              
  7 x 69       197            197            0              
  8 x 69       199            199            0              
  9 x 69       199            199            0              
 10 x 69       199            199            0              
 11 x 69       199            199            0              
 12 x 69       196            196            0              
 13 x 69       196            196            0              
 14 x 69       198            198            0              
 15 x 69       198            198            0              
 16 x 69       197            197            0              
 17 x 69       198            198            0              
 18 x 69       197            197            0              
 19 x 69       197            197            0              
 20 x 69       199            199            0              
 21 x 69       197            197            0              
 22 x 69       198            198            0              
 23 x 69       197            197            0              
 24 x 69       197            197            0              
 25 x 69       198            198            0              
 26 x 69       197            197            0              
 27 x 69       198            198            0              
 28 x 69       197            197            0              
 29 x 69       197            197            0              
 30 x 69       196            196            0              
 31 x 69       199            199            0              
 32 x 69       198            198            0              
 33 x 69       199            199            0              
 34 x 69       199            199            0              
 35 x 69       197            197            0              
 36 x 69       198            198            0              
 37 x 69       198            198            0              
 38 x 69       196            196            0              
 39 x 69       196            196            0              
 40 x 69       198            198            0              
 41 x 69       199            199            0              
 42 x 69       196            196            0              
 43 x 69       196            196            0              
 44 x 69       197            197            0              
 45 x 69       196            196            0              
 46 x 69       197            197            0              
 47 x 69       197            197            0              
 48 x 69       198            198            0              
 49 x 69       196            196            0              
 50 x 69       198            198            0              
 51 x 69       198            198            0              
 52 x 69       198            198            0              
 53 x 69       199            199            0              
 54 x 69       196            196            0              
 55 x 69       198            198            0              
 56 x 69       196            196            0              
 57 x 69       199            199            0              
 58 x 69       196            196            0              
 59 x 69       198            198            0              
 60 x 69       196            196            0              
 61 x 69       199            199            0              
 62 x 69       198            198            0              
 63 x 69       197            197            0              
 64 x 69       197            197            0              
 65 x 69       196            196            0              
 66 x 69       197            197            0              
 67 x 69       196            196            0              
 68 x 69       196            196            0              
 69 x 69       196            196            0              
 70 x 69       198            198            0              
 71 x 69       196            196            0              
 72 x 69       199            199            0              
 73 x 69       197            197            0              
 74 x 69       197            197            0              
 75 x 69       197            197            0              
 76 x 69       199            199            0              
 77 x 69       198            198            0              
 78 x 69       196            196            0              
 79 x 69       197            197            0              
 80 x 69       198            198            0              
 81 x 69       197            197            0              
 82 x 69       196            196            0              
 83 x 69       196            196            0              
 84 x 69       197            197            0              
 85 x 69       199            199            0              
  0 x 70       196            196            0              
  1 x 70       134            134            0              
  2 x 70       196            196            0              
  3 x 70       196            196            0              
  4 x 70       196            196            0              
  5 x 70       198            198            0              
  6 x 70       197            197            0              
  7 x 70       196            196            0              
  8 x 70       198            198            0              
  9 x 70       197            197            0              
 10 x 70       197            197            0              
 11 x 70       196            196            0              
 12 x 70       196            196            0              
 13 x 70       196            196            0              
 14 x 70       200            200            0              
 15 x 70       199            199            0              
 16 x 70       196            196            0              
 17 x 70       199            199            0              
 18 x 70       197            197            0              
 19 x 70       197            197            0              
 20 x 70       197            197            0              
 21 x 70       196            196            0              
 22 x 70       199            199            0              
 23 x 70       198            198            0              
 24 x 70       196            196            0              
 25 x 70       198            198            0              
 26 x 70       197            197            0              
 27 x 70       197            197            0              
 28 x 70       196            196            0              
 29 x 70       197            197            0              
 30 x 70       197            197            0              
 31 x 70       196            196            0              
 32 x 70       198            198            0              
 33 x 70       197            197            0              
 34 x 70       197            197            0              
 35 x 70       199            199            0              
 36 x 70       197            197            0              
 37 x 70       198            198            0              
 38 x 70       197            197            0              
 39 x 70       197            197            0              
 40 x 70       198            198            0              
 41 x 70       199            199            0              
 42 x 70       197            197            0              
 43 x 70       199            199            0              
 44 x 70       197            197            0              
 45 x 70       197            197            0              
 46 x 70       200            200            0              
 47 x 70       197            197            0              
 48 x 70       197            197            0              
 49 x 70       197            197            0              
 50 x 70       198            198            0              
 51 x 70       197            197            0              
 52 x 70       196            196            0              
 53 x 70       198            198            0              
 54 x 70       199            199            0              
 55 x 70       199            199            0              
 56 x 70       197            197            0              
 57 x 70       197            197            0              
 58 x 70       198            198            0              
 59 x 70       197            197            0              
 60 x 70       196            196            0              
 61 x 70       199            199            0              
 62 x 70       199            199            0              
 63 x 70       196            196            0              
 64 x 70       199            199            0              
 65 x 70       199            199            0              
 66 x 70       199            199            0              
 67 x 70       198            198            0              
 68 x 70       196            196            0              
 69 x 70       198            198            0              
 70 x 70       197            197            0              
 71 x 70       197            197            0              
 72 x 70       197            197            0              
 73 x 70       197            197            0              
 74 x 70       197            197            0              
 75 x 70       196            196            0              
 76 x 70       198            198            0              
 77 x 70       196            196            0              
 78 x 70       197            197            0              
 79 x 70       196            196            0              
 80 x 70       199            199            0              
 81 x 70       196            196            0              
 82 x 70       197            197            0              
 83 x 70       197            197            0              
 84 x 70       198            198            0              
 85 x 70       196            196            0              
  0 x 71       196            196            0              
  1 x 71       197            197            0              
  2 x 71       197            197            0              
  3 x 71       197            197            0              
  4 x 71       198            198            0              
  5 x 71       196            196            0              
  6 x 71       197            197            0              
  7 x 71       196            196            0              
  8 x 71       198            198            0              
  9 x 71       199            199            0              
 10 x 71       197            197            0              
 11 x 71       198            198            0              
 12 x 71       197            197            0              
 13 x 71       199            199            0              
 14 x 71       197            197            0              
 15 x 71       196            196            0              
 16 x 71       198            198            0              
 17 x 71       197            197            0              
 18 x 71       197            197            0              
 19 x 71       196            196            0              
 20 x 71       198            198            0              
 21 x 71       198            198            0              
 22 x 71       196            196            0              
 23 x 71       199            199            0              
 24 x 71       196            196            0              
 25 x 71       198            198            0              
 26 x 71       199            199            0              
 27 x 71       199            199            0              
 28 x 71       198            198            0              
 29 x 71       199            199            0              
 30 x 71       196            196            0              
 31 x 71       197            197            0              
 32 x 71       199            199            0              
 33 x 71       196            196            0              
 34 x 71       199            199            0              
 35 x 71       197            197            0              
 36 x 71       196            196            0              
 37 x 71       197            197            0              
 38 x 71       199            199            0              
 39 x 71       196            196            0              
 40 x 71       199            199            0              
 41 x 71       196            196            0              
 42 x 71       197            197            0              
 43 x 71       196            196            0              
 44 x 71       196            196            0              
 45 x 71       199            199            0              
 46 x 71       197            197            0              
 47 x 71       200            200            0              
 48 x 71       198            198            0              
 49 x 71       197            197            0              
 50 x 71       198            198            0              
 51 x 71       196            196            0              
 52 x 71       197            197            0              
 53 x 71       196            196            0              
 54 x 71       198            198            0              
 55 x 71       197            197            0              
 56 x 71       198            198            0              
 57 x 71       198            198            0              
 58 x 71       198            198            0              
 59 x 71       198            198            0              
 60 x 71       198            198            0              
 61 x 71       196            196            0              
 62 x 71       197            197            0              
 63 x 71       196            196            0              
 64 x 71       198            198            0              
 65 x 71       196            196            0              
 66 x 71       198            198            0              
 67 x 71       198            198            0              
 68 x 71       196            196            0              
 69 x 71       197            197            0              
 70 x 71       196            196            0              
 71 x 71       198            198            0              
 72 x 71       196            196            0              
 73 x 71       198            198            0              
 74 x 71       196            196            0              
 75 x 71       199            199            0              
 76 x 71       196            196            0              
 77 x 71       197            197            0              
 78 x 71       196            196            0              
 79 x 71       196            196            0              
 80 x 71       199            199            0              
 81 x 71       196            196            0              
 82 x 71       196            196            0              
 83 x 71       199            199            0              
 84 x 71       196            196            0              
 85 x 71       196            196            0              
  0 x 72       198            198            0              
  1 x 72       197            197            0              
  2 x 72       200            200            0              
  3 x 72       198            198            0              
  4 x 72       197            197            0              
  5 x 72       196            196            0              
  6 x 72       197            197            0              
  7 x 72       196            196            0              
  8 x 72       196            196            0              
  9 x 72       196            196            0              
 10 x 72       197            197            0              
 11 x 72       197            197            0              
 12 x 72       196            196            0              
 13 x 72       197            197            0              
 14 x 72       197            197            0              
 15 x 72       197            197            0              
 16 x 72       199            199            0              
 17 x 72       199            199            0              
 18 x 72       198            198            0              
 19 x 72       197            197            0              
 20 x 72       197            197            0              
 21 x 72       197            197            0              
 22 x 72       196            196            0              
 23 x 72       199            199            0              
 24 x 72       196            196            0              
 25 x 72       198            198            0              
 26 x 72       197            197            0              
 27 x 72       196            196            0              
 28 x 72       197            197            0              
 29 x 72       198            198            0              
 30 x 72       197            197            0              
 31 x 72       196            196            0              
 32 x 72       196            196            0              
 33 x 72       197            197            0              
 34 x 72       196            196            0              
 35 x 72       198            198            0              
 36 x 72       196            196            0              
 37 x 72       198            198            0              
 38 x 72       197            197            0              
 39 x 72       198            198            0              
 40 x 72       196            196            0              
 41 x 72       198            198            0              
 42 x 72       196            196            0              
 43 x 72       197            197            0              
 44 x 72       198            198            0              
 45 x 72       197            197            0              
 46 x 72       197            197            0              
 47 x 72       196            196            0              
 48 x 72       197            197            0              
 49 x 72       199            199            0              
 50 x 72       197            197            0              
 51 x 72       198            198            0              
 52 x 72       197            197            0              
 53 x 72       196            196            0              
 54 x 72       198            198            0              
 55 x 72       197            197            0              
 56 x 72       199            199            0              
 57 x 72       198            198            0              
 58 x 72       198            198            0              
 59 x 72       199            199            0              
 60 x 72       196            196            0              
 61 x 72       200            200            0              
 62 x 72       197            197            0              
 63 x 72       198            198            0              
 64 x 72       196            196            0              
 65 x 72       197            197            0              
 66 x 72       199            199            0              
 67 x 72       199            199            0              
 68 x 72       197            197            0              
 69 x 72       198            198            0              
 70 x 72       197            197            0              
 71 x 72       199            199            0              
 72 x 72       196            196            0              
 73 x 72       198            198            0              
 74 x 72       197            197            0              
 75 x 72       197            197            0              
 76 x 72       197            197            0              
 77 x 72       196            196            0              
 78 x 72       198            198            0              
 79 x 72       198            198            0              
 80 x 72       198            198            0              
 81 x 72       197            197            0              
 82 x 72       198            198            0              
 83 x 72       196            196            0              
 84 x 72       197            197            0              
 85 x 72       196            196            0              
  0 x 73       198            198            0              
  1 x 73       196            196            0              
  2 x 73       197            197            0              
  3 x 73       197            197            0              
  4 x 73       199            199            0              
  5 x 73       199            199            0              
  6 x 73       199            199            0              
  7 x 73       197            197            0              
  8 x 73       198            198            0              
  9 x 73       196            196            0              
 10 x 73       198            198            0              
 11 x 73       199            199            0              
 12 x 73       196            196            0              
 13 x 73       196            196            0              
 14 x 73       199            199            0              
 15 x 73       199            199            0              
 16 x 73       196            196            0              
 17 x 73       196            196            0              
 18 x 73       196            196            0              
 19 x 73       199            199            0              
 20 x 73       197            197            0              
 21 x 73       198            198            0              
 22 x 73       197            197            0              
 23 x 73       200            200            0              
 24 x 73       199            199            0              
 25 x 73       197            197            0              
 26 x 73       197            197            0              
 27 x 73       198            198            0              
 28 x 73       196            196            0              
 29 x 73       199            199            0              
 30 x 73       196            196            0              
 31 x 73       198            198            0              
 32 x 73       198            198            0              
 33 x 73       198            198            0              
 34 x 73       197            197            0              
 35 x 73       200            200            0              
 36 x 73       196            196            0              
 37 x 73       196            196            0              
 38 x 73       196            196            0              
 39 x 73       198            198            0              
 40 x 73       198            198            0              
 41 x 73       196            196            0              
 42 x 73       197            197            0              
 43 x 73       197            197            0              
 44 x 73       198            198            0              
 45 x 73       196            196            0              
 46 x 73       196            196            0              
 47 x 73       197            197            0              
 48 x 73       198            198            0              
 49 x 73       196            196            0              
 50 x 73       196            196            0              
 51 x 73       196            196            0              
 52 x 73       196            196            0              
 53 x 73       199            199            0              
 54 x 73       196            196            0              
 55 x 73       196            196            0              
 56 x 73       197            197            0              
 57 x 73       199            199            0              
 58 x 73       196            196            0              
 59 x 73       196            196            0              
 60 x 73       197            197            0              
 61 x 73       197            197            0              
 62 x 73       199            199            0              
 63 x 73       197            197            0              
 64 x 73       196            196            0              
 65 x 73       196            196            0              
 66 x 73       196            196            0              
 67 x 73       198            198            0              
 68 x 73       197            197            0              
 69 x 73       199            199            0              
 70 x 73       196            196            0              
 71 x 73       197            197            0              
 72 x 73       199            199            0              
 73 x 73       196            196            0              
 74 x 73       197            197            0              
 75 x 73       196            196            0              
 76 x 73       199            199            0              
 77 x 73       198            198            0              
 78 x 73       198            198            0              
 79 x 73       196            196            0              
 80 x 73       198            198            0              
 81 x 73       196            196            0              
 82 x 73       198            198            0              
 83 x 73       197            197            0              
 84 x 73       198            198            0              
 85 x 73       196            196            0              
  0 x 74       198            198            0              
  1 x 74       197            197            0              
  2 x 74       197            197            0              
  3 x 74       198            198            0              
  4 x 74       198            198            0              
  5 x 74       199            199            0              
  6 x 74       198            198            0              
  7 x 74       197            197            0              
  8 x 74       110            110            0              
 10 x 74       199            199            0              
 11 x 74       196            196            0              
 12 x 74       198            198            0              
 13 x 74       197            197            0              
 14 x 74       197            197            0              
 15 x 74       196            196            0              
 16 x 74       197            197            0              
 17 x 74       196            196            0              
 18 x 74       198            198            0              
 19 x 74       198            198            0              
 20 x 74       196            196            0              
 21 x 74       197            197            0              
 22 x 74       199            199            0              
 23 x 74       198            198            0              
 24 x 74       198            198            0              
 25 x 74       197            197            0              
 26 x 74       198            198            0              
 27 x 74       197            197            0              
 28 x 74       196            196            0              
 29 x 74       196            196            0              
 30 x 74       197            197            0              
 31 x 74       197            197            0              
 32 x 74       196            196            0              
 33 x 74       196            196            0              
 34 x 74       196            196            0              
 37 x 74       197            197            0              
 38 x 74       197            197            0              
 39 x 74       197            197            0              
 40 x 74       198            198            0              
 41 x 74       199            199            0              
 42 x 74       199            199            0              
 43 x 74       196            196            0              
 44 x 74       196            196            0              
 45 x 74       197            197            0              
 46 x 74       198            198            0              
 47 x 74       197            197            0              
 48 x 74       196            196            0              
 49 x 74       196            196            0              
 50 x 74       198            198            0              
 51 x 74       198            198            0              
 52 x 74       198            198            0              
 53 x 74       197            197            0              
 54 x 74       196            196            0              
 55 x 74       197            197            0              
 56 x 74       196            196            0              
 57 x 74       196            196            0              
 58 x 74       198            198            0              
 59 x 74       196            196            0              
 60 x 74       197            197            0              
 61 x 74       122            122            0              
 62 x 74       72             72             0              
 63 x 74       7              7              0              
 64 x 74       15             15             0              
 65 x 74       8              8              0              
 66 x 74       198            198            0              
 67 x 74       198            198            0              
 68 x 74       197            197            0              
 69 x 74       199            199            0              
 70 x 74       196            196            0              
 71 x 74       198            198            0              
 72 x 74       197            197            0              
 73 x 74       196            196            0              
 74 x 74       199            199            0              
 75 x 74       196            196            0              
 76 x 74       197            197            0              
 77 x 74       199            199            0              
 78 x 74       198            198            0              
 79 x 74       198            198            0              
 80 x 74       196            196            0              
 81 x 74       196            196            0              
 82 x 74       199            199            0              
 83 x 74       198            198            0              
 84 x 74       198            198            0              
 85 x 74       196            196            0              
  0 x 75       197            197            0              
  1 x 75       198            198            0              
  2 x 75       197            197            0              
  3 x 75       198            198            0              
  4 x 75       196            196            0              
  5 x 75       199            199            0              
  6 x 75       197            197            0              
  7 x 75       198            198            0              
  8 x 75       140            140            0              
  9 x 75       87             87             0              
 10 x 75       196            196            0              
 11 x 75       199            199            0              
 12 x 75       198            198            0              
 13 x 75       198            198            0              
 14 x 75       196            196            0              
 15 x 75       197            197            0              
 16 x 75       196            196            0              
 17 x 75       199            199            0              
 18 x 75       198            198            0              
 19 x 75       197            197            0              
 20 x 75       196            196            0              
 21 x 75       196            196            0              
 22 x 75       198            198            0              
 23 x 75       196            196            0              
 24 x 75       197            197            0              
 25 x 75       199            199            0              
 26 x 75       197            197            0              
 27 x 75       198            198            0              
 28 x 75       198            198            0              
 29 x 75       196            196            0              
 30 x 75       197            197            0              
 31 x 75       196            196            0              
 32 x 75       196            196            0              
 33 x 75       198            198            0              
 34 x 75       170            170            0              
 36 x 75       197            197            0              
 37 x 75       198            198            0              
 38 x 75       196            196            0              
 39 x 75       197            197            0              
 40 x 75       199            199            0              
 41 x 75       196            196            0              
 42 x 75       197            197            0              
 43 x 75       198            198            0              
 44 x 75       199            199            0              
 45 x 75       199            199            0              
 46 x 75       197            197            0              
 47 x 75       198            198            0              
 48 x 75       196            196            0              
 49 x 75       196            196            0              
 50 x 75       196            196            0              
 51 x 75       197            197            0              
 52 x 75       197            197            0              
 53 x 75       197            197            0              
 54 x 75       196            196            0              
 55 x 75       196            196            0              
 56 x 75       197            197            0              
 57 x 75       196            196            0              
 58 x 75       196            196            0              
 59 x 75       196            196            0              
 60 x 75       197            197            0              
 61 x 75       198            198            0              
 62 x 75       197            197            0              
 63 x 75       83             83             0              
 66 x 75       50             50             0              
 67 x 75       143            143            0              
 68 x 75       197            197            0              
 69 x 75       198            198            0              
 70 x 75       199            199            0              
 71 x 75       196            196            0              
 72 x 75       198            198            0              
 73 x 75       196            196            0              
 74 x 75       199            199            0              
 75 x 75       199            199            0              
 76 x 75       197            197            0              
 77 x 75       199            199            0              
 78 x 75       197            197            0              
 79 x 75       198            198            0              
 80 x 75       198            198            0              
 81 x 75       196            196            0              
 82 x 75       198            198            0              
 83 x 75       197            197            0              
 84 x 75       197            197            0              
 85 x 75       196            196            0              
  0 x 76       197            197            0              
  1 x 76       199            199            0              
  2 x 76       197            197            0              
  3 x 76       199            199            0              
  4 x 76       198            198            0              
  5 x 76       197            197            0              
  6 x 76       196            196            0              
  7 x 76       197            197            0              
  8 x 76       95             95             0              
  9 x 76       196            196            0              
 10 x 76       197            197            0              
 11 x 76       197            197            0              
 12 x 76       196            196            0              
 13 x 76       196            196            0              
 14 x 76       198            198            0              
 15 x 76       197            197            0              
 16 x 76       196            196            0              
 17 x 76       197            197            0              
 18 x 76       196            196            0              
 19 x 76       196            196            0              
 20 x 76       197            197            0              
 21 x 76       198            198            0              
 22 x 76       198            198            0              
 23 x 76       198            198            0              
 24 x 76       197            197            0              
 25 x 76       197            197            0              
 26 x 76       197            197            0              
 27 x 76       198            198            0              
 28 x 76       198            198            0              
 29 x 76       198            198            0              
 30 x 76       196            196            0              
 31 x 76       197            197            0              
 32 x 76       197            197            0              
 33 x 76       197            197            0              
 34 x 76       196            196            0              
 35 x 76       198            198            0              
 36 x 76       196            196            0              
 37 x 76       196            196            0              
 38 x 76       197            197            0              
 39 x 76       198            198            0              
 40 x 76       198            198            0              
 41 x 76       196            196            0              
 42 x 76       196            196            0              
 43 x 76       197            197            0              
 44 x 76       197            197            0              
 45 x 76       196            196            0              
 46 x 76       198            198            0              
 47 x 76       196            196            0              
 48 x 76       198            198            0              
 49 x 76       196            196            0              
 50 x 76       198            198            0              
 51 x 76       196            196            0              
 52 x 76       196            196            0              
 53 x 76       200            200            0              
 54 x 76       198            198            0              
 55 x 76       197            197            0              
 56 x 76       198            198            0              
 57 x 76       196            196            0              
 58 x 76       199            199            0              
 59 x 76       196            196            0              
 60 x 76       196            196            0              
 61 x 76       196            196            0              
 62 x 76       198            198            0              
 63 x 76       199            199            0              
 64 x 76       196            196            0              
 65 x 76       198            198            0              
 66 x 76       198            198            0              
 67 x 76       197            197            0              
 68 x 76       196            196            0              
 69 x 76       198            198            0              
 70 x 76       196            196            0              
 71 x 76       197            197            0              
 72 x 76       198            198            0              
 73 x 76       199            199            0              
 74 x 76       197            197            0              
 75 x 76       198            198            0              
 76 x 76       198            198            0              
 77 x 76       199            199            0              
 78 x 76       198            198            0              
 79 x 76       198            198            0              
 80 x 76       196            196            0              
 81 x 76       198            198            0              
 82 x 76       196            196            0              
 83 x 76       196            196            0              
 84 x 76       198            198            0              
 85 x 76       196            196            0              
  0 x 77       196            196            0              
  1 x 77       198            198            0              
  2 x 77       196            196            0              
  3 x 77       196            196            0              
  4 x 77       198            198            0              
  5 x 77       199            199            0              
  6 x 77       198            198            0              
  7 x 77       198            198            0              
  8 x 77       174            174            0              
  9 x 77       198            198            0              
 10 x 77       198            198            0              
 11 x 77       196            196            0              
 12 x 77       198            198            0              
 13 x 77       196            196            0              
 14 x 77       197            197            0              
 15 x 77       196            196            0              
 16 x 77       198            198            0              
 17 x 77       200            200            0              
 18 x 77       198            198            0              
 19 x 77       143            143            0              
 20 x 77       197            197            0              
 21 x 77       196            196            0              
 22 x 77       199            199            0              
 23 x 77       196            196            0              
 24 x 77       198            198            0              
 25 x 77       196            196            0              
 26 x 77       198            198            0              
 27 x 77       196            196            0              
 28 x 77       196            196            0              
 29 x 77       198            198            0              
 30 x 77       198            198            0              
 31 x 77       196            196            0              
 32 x 77       196            196            0              
 33 x 77       197            197            0              
 34 x 77       198            198            0              
 35 x 77       198            198            0              
 36 x 77       196            196            0              
 37 x 77       198            198            0              
 38 x 77       198            198            0              
 39 x 77       196            196            0              
 40 x 77       197            197            0              
 41 x 77       199            199            0              
 42 x 77       78             78             0              
 43 x 77       196            196            0              
 44 x 77       197            197            0              
 45 x 77       197            197            0              
 46 x 77       197            197            0              
 47 x 77       198            198            0              
 48 x 77       197            197            0              
 49 x 77       199            199            0              
 50 x 77       198            198            0              
 51 x 77       197            197            0              
 52 x 77       198            198            0              
 53 x 77       199            199            0              
 54 x 77       197            197            0              
 55 x 77       199            199            0              
 56 x 77       196            196            0              
 57 x 77       197            197            0              
 58 x 77       196            196            0              
 59 x 77       199            199            0              
 60 x 77       199            199            0              
 61 x 77       196            196            0              
 62 x 77       198            198            0              
 63 x 77       196            196            0              
 64 x 77       198            198            0              
 65 x 77       197            197            0              
 66 x 77       198            198            0              
 67 x 77       198            198            0              
 68 x 77       196            196            0              
 69 x 77       197            197            0              
 70 x 77       199            199            0              
 71 x 77       197            197            0              
 72 x 77       197            197            0              
 73 x 77       198            198            0              
 74 x 77       198            198            0              
 75 x 77       196            196            0              
 76 x 77       199            199            0              
 77 x 77       199            199            0              
 78 x 77       196            196            0              
 79 x 77       196            196            0              
 80 x 77       196            196            0              
 81 x 77       197            197            0              
 82 x 77       196            196            0              
 83 x 77       199            199            0              
 84 x 77       197            197            0              
 85 x 77       196            196            0              
  0 x 78       197            197            0              
  1 x 78       199            199            0              
  2 x 78       196            196            0              
  3 x 78       199            199            0              
  4 x 78       196            196            0              
  5 x 78       196            196            0              
  6 x 78       195            195            0              
  7 x 78       197            197            0              
  8 x 78       97             97             0              
  9 x 78       198            198            0              
 10 x 78       198            198            0              
 11 x 78       198            198            0              
 12 x 78       197            197            0              
 13 x 78       198            198            0              
 14 x 78       197            197            0              
 15 x 78       196            196            0              
 16 x 78       196            196            0              
 17 x 78       198            198            0              
 18 x 78       199            199            0              
 19 x 78       198            198            0              
 20 x 78       197            197            0              
 21 x 78       197            197            0              
 22 x 78       197            197            0              
 23 x 78       198            198            0              
 24 x 78       199            199            0              
 25 x 78       198            198            0              
 26 x 78       199            199            0              
 27 x 78       198            198            0              
 28 x 78       197            197            0              
 29 x 78       198            198            0              
 30 x 78       196            196            0              
 31 x 78       196            196            0              
 32 x 78       198            198            0              
 33 x 78       196            196            0              
 34 x 78       197            197            0              
 35 x 78       196            196            0              
 36 x 78       197            197            0              
 37 x 78       197            197            0              
 38 x 78       197            197            0              
 39 x 78       196            196            0              
 40 x 78       198            198            0              
 41 x 78       196            196            0              
 42 x 78       196            196            0              
 43 x 78       196            196            0              
 44 x 78       106            106            0              
 46 x 78       47             47             0              
 47 x 78       197            197            0              
 48 x 78       199            199            0              
 49 x 78       196            196            0              
 50 x 78       197            197            0              
 51 x 78       198            198            0              
 52 x 78       197            197            0              
 53 x 78       197            197            0              
 54 x 78       197            197            0              
 55 x 78       196            196            0              
 56 x 78       199            199            0              
 57 x 78       196            196            0              
 58 x 78       196            196            0              
 59 x 78       197            197            0              
 60 x 78       199            199            0              
 61 x 78       196            196            0              
 62 x 78       198            198            0              
 63 x 78       199            199            0              
 64 x 78       196            196            0              
 65 x 78       197            197            0              
 66 x 78       197            197            0              
 67 x 78       196            196            0              
 68 x 78       197            197            0              
 69 x 78       197            197            0              
 70 x 78       196            196            0              
 71 x 78       198            198            0              
 72 x 78       197            197            0              
 73 x 78       196            196            0              
 74 x 78       198            198            0              
 75 x 78       197            197            0              
 76 x 78       198            198            0              
 77 x 78       199            199            0              
 78 x 78       199            199            0              
 79 x 78       196            196            0              
 80 x 78       198            198            0              
 81 x 78       197            197            0              
 82 x 78       196            196            0              
 83 x 78       198            198            0              
 84 x 78       198            198            0              
 85 x 78       197            197            0              
  0 x 79       159            159            0              
  1 x 79       132            132            0              
  2 x 79       197            197            0              
  3 x 79       198            198            0              
  4 x 79       197            197            0              
  5 x 79       199            199            0              
  6 x 79       197            197            0              
  7 x 79       181            181            0              
  8 x 79       42             42             0              
  9 x 79       196            196            0              
 10 x 79       197            197            0              
 11 x 79       200            200            0              
 12 x 79       198            198            0              
 13 x 79       196            196            0              
 14 x 79       198            198            0              
 15 x 79       196            196            0              
 16 x 79       197            197            0              
 17 x 79       196            196            0              
 18 x 79       196            196            0              
 19 x 79       197            197            0              
 20 x 79       196            196            0              
 21 x 79       198            198            0              
 22 x 79       198            198            0              
 23 x 79       196            196            0              
 24 x 79       196            196            0              
 25 x 79       197            197            0              
 26 x 79       196            196            0              
 27 x 79       196            196            0              
 28 x 79       197            197            0              
 29 x 79       197            197            0              
 30 x 79       198            198            0              
 31 x 79       197            197            0              
 32 x 79       199            199            0              
 33 x 79       198            198            0              
 34 x 79       197            197            0              
 35 x 79       197            197            0              
 36 x 79       196            196            0              
 37 x 79       198            198            0              
 38 x 79       197            197            0              
 39 x 79       196            196            0              
 40 x 79       198            198            0              
 41 x 79       197            197            0              
 42 x 79       200            200            0              
 43 x 79       196            196            0              
 44 x 79       199            199            0              
 45 x 79       188            188            0              
 46 x 79       53             53             0              
 47 x 79       51             51             0              
 48 x 79       196            196            0              
 49 x 79       196            196            0              
 50 x 79       198            198            0              
 51 x 79       196            196            0              
 52 x 79       197            197            0              
 53 x 79       198            198            0              
 54 x 79       196            196            0              
 55 x 79       198            198            0              
 56 x 79       197            197            0              
 57 x 79       200            200            0              
 58 x 79       199            199            0              
 59 x 79       198            198            0              
 60 x 79       197            197            0              
 61 x 79       196            196            0              
 62 x 79       199            199            0              
 63 x 79       196            196            0              
 64 x 79       199            199            0              
 65 x 79       198            198            0              
 66 x 79       196            196            0              
 67 x 79       198            198            0              
 68 x 79       196            196            0              
 69 x 79       198            198            0              
 70 x 79       198            198            0              
 71 x 79       197            197            0              
 72 x 79       199            199            0              
 73 x 79       199            199            0              
 74 x 79       199            199            0              
 75 x 79       196            196            0              
 76 x 79       199            199            0              
 77 x 79       197            197            0              
 78 x 79       197            197            0              
 79 x 79       199            199            0              
 80 x 79       196            196            0              
 81 x 79       197            197            0              
 82 x 79       196            196            0              
 83 x 79       196            196            0              
 84 x 79       197            197            0              
 85 x 79       197            197            0              
  0 x 80       180            180            0              
  1 x 80       186            186            0              
  2 x 80       123            123            0              
  3 x 80       71             71             0              
  4 x 80       198            198            0              
  5 x 80       198            198            0              
  6 x 80       199            199            0              
  7 x 80       123            123            0              
  8 x 80       43             43             0              
  9 x 80       197            197            0              
 10 x 80       196            196            0              
 11 x 80       196            196            0              
 12 x 80       198            198            0              
 13 x 80       197            197            0              
 14 x 80       196            196            0              
 15 x 80       196            196            0              
 16 x 80       197            197            0              
 17 x 80       196            196            0              
 18 x 80       197            197            0              
 19 x 80       199            199            0              
 20 x 80       196            196            0              
 21 x 80       196            196            0              
 22 x 80       196            196            0              
 23 x 80       196            196            0              
 24 x 80       198            198            0              
 25 x 80       198            198            0              
 26 x 80       199            199            0              
 27 x 80       197            197            0              
 28 x 80       198            198            0              
 29 x 80       198            198            0              
 30 x 80       196            196            0              
 31 x 80       196            196            0              
 32 x 80       196            196            0              
 33 x 80       196            196            0              
 34 x 80       198            198            0              
 35 x 80       197            197            0              
 36 x 80       197            197            0              
 37 x 80       199            199            0              
 38 x 80       196            196            0              
 39 x 80       199            199            0              
 40 x 80       196            196            0              
 41 x 80       196            196            0              
 42 x 80       196            196            0              
 43 x 80       197            197            0              
 44 x 80       197            197            0              
 45 x 80       197            197            0              
 46 x 80       197            197            0              
 47 x 80       166            166            0              
 48 x 80       197            197            0              
 49 x 80       197            197            0              
 50 x 80       197            197            0              
 51 x 80       196            196            0              
 52 x 80       198            198            0              
 53 x 80       196            196            0              
 54 x 80       197            197            0              
 55 x 80       197            197            0              
 56 x 80       196            196            0              
 57 x 80       198            198            0              
 58 x 80       198            198            0              
 59 x 80       196            196            0              
 60 x 80       198            198            0              
 61 x 80       196            196            0              
 62 x 80       199            199            0              
 63 x 80       196            196            0              
 64 x 80       197            197            0              
 65 x 80       198            198            0              
 66 x 80       198            198            0              
 67 x 80       80             80             0              
 68 x 80       196            196            0              
 69 x 80       197            197            0              
 70 x 80       197            197            0              
 71 x 80       197            197            0              
 72 x 80       196            196            0              
 73 x 80       197            197            0              
 74 x 80       197            197            0              
 75 x 80       198            198            0              
 76 x 80       198            198            0              
 77 x 80       197            197            0              
 78 x 80       197            197            0              
 79 x 80       197            197            0              
 80 x 80       197            197            0              
 81 x 80       199            199            0              
 82 x 80       197            197            0              
 83 x 80       198            198            0              
 84 x 80       197            197            0              
 85 x 80       198            198            0              
  0 x 81       196            196            0              
  1 x 81       196            196            0              
  2 x 81       183            183            0              
  3 x 81       167            167            0              
  4 x 81       110            110            0              
  5 x 81       198            198            0              
  6 x 81       189            189            0              
  7 x 81       197            197            0              
  8 x 81       72             72             0              
  9 x 81       197            197            0              
 10 x 81       196            196            0              
 11 x 81       199            199            0              
 12 x 81       198            198            0              
 13 x 81       196            196            0              
 14 x 81       197            197            0              
 15 x 81       196            196            0              
 16 x 81       198            198            0              
 17 x 81       197            197            0              
 18 x 81       197            197            0              
 19 x 81       196            196            0              
 20 x 81       198            198            0              
 21 x 81       196            196            0              
 22 x 81       197            197            0              
 23 x 81       198            198            0              
 24 x 81       197            197            0              
 25 x 81       197            197            0              
 26 x 81       196            196            0              
 27 x 81       196            196            0              
 28 x 81       197            197            0              
 29 x 81       196            196            0              
 30 x 81       197            197            0              
 31 x 81       198            198            0              
 32 x 81       199            199            0              
 33 x 81       196            196            0              
 34 x 81       196            196            0              
 35 x 81       196            196            0              
 36 x 81       196            196            0              
 37 x 81       196            196            0              
 38 x 81       197            197            0              
 39 x 81       199            199            0              
 40 x 81       197            197            0              
 41 x 81       198            198            0              
 42 x 81       199            199            0              
 43 x 81       198            198            0              
 44 x 81       197            197            0              
 45 x 81       196            196            0              
 46 x 81       198            198            0              
 47 x 81       196            196            0              
 48 x 81       197            197            0              
 49 x 81       197            197            0              
 50 x 81       199            199            0              
 51 x 81       199            199            0              
 52 x 81       196            196            0              
 53 x 81       198            198            0              
 54 x 81       196            196            0              
 55 x 81       199            199            0              
 56 x 81       197            197            0              
 57 x 81       197            197            0              
 58 x 81       196            196            0              
 59 x 81       196            196            0              
 60 x 81       197            197            0              
 61 x 81       197            197            0              
 62 x 81       200            200            0              
 63 x 81       198            198            0              
 64 x 81       184            184            0              
 65 x 81       199            199            0              
 66 x 81       198            198            0              
 67 x 81       43             43             0              
 68 x 81       186            186            0              
 69 x 81       196            196            0              
 70 x 81       198            198            0              
 71 x 81       163            163            0              
 72 x 81       198            198            0              
 73 x 81       198            198            0              
 74 x 81       196            196            0              
 75 x 81       196            196            0              
 76 x 81       196            196            0              
 77 x 81       198            198            0              
 78 x 81       196            196            0              
 79 x 81       197            197            0              
 80 x 81       198            198            0              
 81 x 81       199            199            0              
 82 x 81       198            198            0              
 83 x 81       197            197            0              
 84 x 81       135            135            0              
 85 x 81       197            197            0              

Highest tree count is 200 in sector 36 x 1

6249 Sectors out of 7052 have maximum trees

Total trees is 1321474
